,HomeTeam,AwayTeam,FTHG,FTAG,FTR,HTHG,HTAG,HTR,HS,AS,HST,AST,HF,AF,HC,AC,HY,AY,HR,AR
0,Man United,Leicester,0,1,A,0,0,D,10,17,3,9,10,14,7,4,3,2,0,0
1,Bournemouth,Cardiff,0,1,A,0,0,D,14,13,4,3,12,15,3,6,2,2,0,0
2,Fulham,Crystal Palace,1,1,D,1,0,H,12,13,6,4,10,14,5,6,0,0,0,0
3,Huddersfield,Chelsea,2,1,H,1,0,H,14,18,5,5,8,17,5,3,2,2,0,0
4,Newcastle,Tottenham,2,1,H,1,0,H,16,7,4,3,11,14,9,6,1,2,0,0
5,Watford,Brighton,1,1,D,1,0,H,12,12,2,1,18,14,9,6,3,5,0,0
6,Wolves,Everton,1,1,D,0,1,A,24,5,6,1,8,12,6,2,1,2,0,1
7,Arsenal,Man City,3,4,A,1,1,D,9,16,5,7,13,17,5,4,3,3,0,0
8,Liverpool,West Ham,1,3,A,0,1,A,9,11,3,7,7,10,4,2,0,1,0,0
9,Southampton,Burnley,2,1,H,0,0,D,16,7,6,3,16,16,7,1,5,2,0,0
10,Cardiff,Newcastle,2,0,H,1,0,H,12,13,5,1,11,8,4,0,0,0,0,0
11,Chelsea,Arsenal,2,0,H,2,0,H,3,26,2,5,14,5,1,12,0,1,0,0
12,Everton,Southampton,0,0,D,0,0,D,8,13,1,4,11,7,2,7,1,2,0,0
13,Leicester,Wolves,1,4,A,0,2,A,8,12,3,6,12,13,7,7,3,4,0,0
14,Tottenham,Fulham,0,2,A,0,0,D,13,12,3,4,7,10,8,3,0,0,0,0
15,West Ham,Bournemouth,1,0,H,0,0,D,20,10,5,2,19,9,10,4,3,3,0,0
16,Brighton,Man United,1,2,A,0,0,D,6,13,2,4,20,10,0,5,4,3,0,0
17,Burnley,Watford,1,2,A,1,1,D,11,13,4,7,16,10,7,4,3,1,0,0
18,Man City,Huddersfield,1,2,A,0,2,A,18,8,5,3,11,14,8,1,1,1,0,0
19,Crystal Palace,Liverpool,1,0,H,0,0,D,15,8,2,5,15,15,1,6,3,1,0,1
20,Arsenal,West Ham,3,0,H,2,0,H,22,6,10,0,6,9,9,5,2,2,0,0
21,Bournemouth,Everton,1,1,D,0,1,A,24,10,5,3,15,10,10,4,2,1,0,0
22,Huddersfield,Cardiff,1,0,H,0,0,D,21,8,9,1,14,11,9,2,2,1,0,0
23,Liverpool,Brighton,0,1,A,0,0,D,8,29,2,9,9,6,1,6,2,3,0,0
24,Southampton,Leicester,2,1,H,1,0,H,13,9,6,3,14,10,4,6,2,2,0,0
25,Wolves,Man City,1,1,D,0,0,D,16,5,7,2,15,8,5,5,2,2,0,0
26,Fulham,Burnley,1,1,D,0,1,A,11,13,4,3,11,17,5,5,3,5,0,0
27,Newcastle,Chelsea,1,3,A,0,3,A,14,10,6,7,18,15,3,2,6,1,0,0
28,Watford,Crystal Palace,3,1,H,2,0,H,22,9,5,2,5,10,5,4,1,3,0,0
29,Man United,Tottenham,0,0,D,0,0,D,13,7,2,2,12,11,5,4,1,3,0,0
30,Brighton,Fulham,2,1,H,1,1,D,17,11,2,5,10,8,6,1,2,5,0,0
31,Chelsea,Bournemouth,1,0,H,0,0,D,12,12,5,2,9,11,10,5,1,3,0,0
32,Crystal Palace,Southampton,1,1,D,0,0,D,13,11,2,3,13,3,5,9,2,0,0,0
33,Everton,Huddersfield,4,1,H,2,1,H,17,12,11,3,4,8,1,7,1,2,0,0
34,Leicester,Liverpool,1,2,A,1,2,A,14,18,3,6,15,10,4,4,4,2,0,0
35,Man City,Newcastle,1,2,A,1,1,D,12,12,4,4,5,9,6,6,1,2,0,0
36,West Ham,Wolves,0,4,A,0,1,A,15,20,2,8,13,18,10,8,3,2,0,0
37,Burnley,Man United,2,4,A,2,2,D,19,13,4,8,10,15,4,4,2,2,0,0
38,Cardiff,Arsenal,2,2,D,0,1,A,6,28,2,7,17,8,1,11,3,4,0,0
39,Watford,Tottenham,0,3,A,0,0,D,11,20,2,9,11,8,5,4,1,1,0,0
40,Bournemouth,Leicester,1,2,A,0,2,A,12,13,4,5,6,13,6,4,1,1,0,0
41,Chelsea,Cardiff,3,1,H,3,1,H,11,7,6,0,5,15,6,3,2,1,0,0
42,Huddersfield,Crystal Palace,1,4,A,0,1,A,6,24,2,9,9,12,2,4,0,2,1,0
43,Man City,Fulham,3,0,H,1,0,H,14,7,6,2,10,9,7,1,0,1,0,0
44,Newcastle,Arsenal,4,0,H,2,0,H,20,6,12,2,8,11,5,5,1,1,1,0
45,Tottenham,Liverpool,4,2,H,3,0,H,8,23,6,5,14,6,2,6,2,1,0,0
46,Watford,Man United,4,1,H,2,0,H,14,11,8,4,15,9,10,5,2,1,0,0
47,Everton,West Ham,1,0,H,0,0,D,19,9,6,3,14,9,7,1,1,1,0,0
48,Wolves,Burnley,1,0,H,0,0,D,31,6,9,2,7,16,14,1,1,5,0,1
49,Southampton,Brighton,3,1,H,1,0,H,10,15,5,2,14,19,5,7,3,4,0,0
50,Brighton,Tottenham,3,0,H,3,0,H,14,9,5,2,9,11,9,1,0,2,0,0
51,Burnley,Bournemouth,1,0,H,1,0,H,12,13,1,2,10,14,5,3,2,2,0,0
52,Cardiff,Man City,5,1,H,3,0,H,32,2,12,1,8,8,13,2,1,2,0,1
53,Crystal Palace,Newcastle,4,1,H,4,0,H,16,10,7,3,9,12,8,6,0,2,0,0
54,Fulham,Watford,1,2,A,0,2,A,6,19,2,5,14,9,2,10,2,1,0,0
55,Leicester,Huddersfield,1,1,D,0,0,D,12,9,2,3,9,13,6,6,3,4,0,0
56,Liverpool,Southampton,2,3,A,1,0,H,11,20,4,4,15,12,3,5,0,2,0,0
57,Man United,Wolves,1,3,A,1,1,D,13,18,5,4,15,9,2,7,2,4,0,0
58,Arsenal,Everton,0,3,A,0,1,A,13,18,1,9,9,14,6,2,5,2,0,0
59,West Ham,Chelsea,2,0,H,1,0,H,13,12,4,3,11,15,7,6,1,3,0,0
60,Arsenal,Watford,1,1,D,1,0,H,13,10,3,2,16,11,10,9,5,4,0,0
61,Chelsea,Liverpool,0,2,A,0,0,D,8,22,3,9,13,15,5,7,2,2,0,0
62,Everton,Fulham,1,1,D,0,1,A,7,17,2,7,7,13,6,5,1,3,0,0
63,Huddersfield,Tottenham,1,2,A,1,0,H,8,18,3,6,11,9,3,10,2,2,0,0
64,Man City,Brighton,2,2,D,0,1,A,17,11,7,2,17,12,4,5,3,4,0,0
65,Newcastle,Leicester,1,1,D,0,0,D,19,9,2,3,13,12,4,5,2,3,0,0
66,West Ham,Man United,0,1,A,0,0,D,10,18,1,3,2,3,2,6,0,0,0,0
67,Wolves,Southampton,0,0,D,0,0,D,9,11,1,5,9,9,3,6,1,0,0,0
68,Cardiff,Burnley,1,1,D,0,0,D,24,7,9,6,14,9,13,2,3,0,0,0
69,Bournemouth,Crystal Palace,2,0,H,2,0,H,13,12,7,6,20,10,4,3,2,2,0,0
70,Brighton,West Ham,3,2,H,2,1,H,16,13,6,6,7,10,5,6,0,1,1,0
71,Burnley,Huddersfield,6,1,H,3,1,H,22,11,10,4,8,14,5,4,0,3,0,0
72,Crystal Palace,Wolves,3,0,H,2,0,H,16,5,6,0,6,12,8,5,1,1,0,0
73,Leicester,Everton,0,1,A,0,1,A,12,12,3,4,12,13,7,6,1,3,0,1
74,Man United,Newcastle,1,1,D,0,0,D,19,3,8,2,7,9,13,1,0,2,0,0
75,Tottenham,Cardiff,2,0,H,2,0,H,18,11,6,1,10,13,6,4,1,1,0,0
76,Watford,Bournemouth,1,1,D,0,0,D,8,20,4,8,14,10,5,8,2,2,0,0
77,Fulham,Arsenal,0,1,A,0,0,D,10,4,3,2,15,10,4,6,4,1,0,0
78,Liverpool,Man City,3,1,H,0,0,D,34,6,14,1,11,10,8,4,1,2,0,0
79,Southampton,Chelsea,0,0,D,0,0,D,9,7,3,1,14,20,3,1,0,4,0,0
80,Bournemouth,Southampton,0,0,D,0,0,D,9,11,5,4,6,13,8,3,1,0,0,0
81,Cardiff,Fulham,0,0,D,0,0,D,8,16,1,4,10,15,7,4,2,4,0,0
82,Chelsea,Man United,2,1,H,1,0,H,9,20,3,8,16,15,2,8,2,3,0,0
83,Huddersfield,Liverpool,0,2,A,0,1,A,9,12,2,6,16,8,5,7,2,3,0,0
84,Man City,Burnley,3,1,H,1,0,H,17,23,4,7,10,8,8,8,0,0,0,0
85,Newcastle,Brighton,2,1,H,2,0,H,21,6,7,1,9,13,3,2,1,3,0,0
86,West Ham,Tottenham,0,0,D,0,0,D,11,10,5,2,15,16,7,2,2,1,0,0
87,Wolves,Watford,1,0,H,0,0,D,20,10,3,2,10,13,6,2,2,5,0,0
88,Everton,Crystal Palace,4,0,H,2,0,H,14,16,6,5,7,17,5,7,3,2,0,0
89,Arsenal,Leicester,1,1,D,0,1,A,14,6,3,2,11,10,10,3,3,3,0,0
90,Brighton,Wolves,2,4,A,2,3,A,7,17,6,10,15,5,3,3,1,2,0,0
91,Fulham,Bournemouth,0,0,D,0,0,D,37,7,11,1,12,9,19,1,1,3,1,0
92,Leicester,West Ham,2,0,H,1,0,H,10,15,3,3,3,5,4,7,1,1,0,0
93,Liverpool,Cardiff,1,4,A,0,1,A,3,21,1,7,9,13,0,8,4,3,0,0
94,Southampton,Newcastle,1,1,D,1,0,H,22,6,5,1,11,20,8,1,3,4,0,0
95,Watford,Huddersfield,1,0,H,0,0,D,22,8,0,2,13,8,7,2,1,2,0,0
96,Burnley,Chelsea,0,4,A,0,2,A,9,21,1,8,17,10,1,7,4,3,0,0
97,Crystal Palace,Arsenal,2,0,H,0,0,D,17,13,6,3,15,12,8,8,2,3,0,0
98,Man United,Everton,0,2,A,0,1,A,9,13,1,7,13,16,7,3,0,0,0,0
99,Tottenham,Man City,3,1,H,1,1,D,17,14,4,6,7,14,6,4,2,0,0,0
100,Arsenal,Liverpool,1,2,A,1,1,D,22,9,7,4,14,17,12,2,3,2,0,1
101,Bournemouth,Man United,3,2,H,2,0,H,14,16,7,5,11,12,4,7,1,2,0,0
102,Cardiff,Leicester,5,0,H,3,0,H,21,1,9,0,5,16,4,2,0,3,0,0
103,Everton,Brighton,1,1,D,1,0,H,25,5,7,3,7,15,8,2,1,3,0,0
104,Newcastle,Watford,1,1,D,0,0,D,9,12,2,4,11,10,6,4,4,1,0,0
105,West Ham,Burnley,1,1,D,1,0,H,15,10,2,3,11,17,7,2,1,2,0,0
106,Wolves,Tottenham,2,1,H,0,1,A,6,19,2,7,13,15,1,10,0,5,0,0
107,Chelsea,Crystal Palace,1,2,A,0,0,D,5,11,2,5,8,8,5,6,0,2,0,0
108,Man City,Southampton,6,1,H,3,0,H,28,11,17,8,14,10,6,3,1,2,0,0
109,Huddersfield,Fulham,1,3,A,0,3,A,6,9,1,3,9,16,2,0,0,2,0,0
110,Cardiff,Brighton,1,2,A,0,1,A,9,10,2,4,12,15,2,7,1,2,0,0
111,Crystal Palace,Tottenham,1,1,D,0,1,A,14,5,6,3,13,12,10,3,4,2,0,0
112,Huddersfield,West Ham,1,1,D,0,0,D,12,5,5,1,14,11,10,4,3,3,0,0
113,Leicester,Burnley,0,0,D,0,0,D,3,15,0,2,8,11,1,8,1,1,0,0
114,Newcastle,Bournemouth,0,1,A,0,1,A,14,9,6,2,17,10,3,4,3,2,0,0
115,Southampton,Watford,3,0,H,1,0,H,11,17,4,7,9,8,2,8,1,0,1,0
116,Arsenal,Wolves,3,2,H,0,1,A,14,11,6,3,13,16,4,5,3,2,0,1
117,Chelsea,Everton,2,1,H,2,1,H,10,10,3,2,12,18,4,6,2,3,0,0
118,Liverpool,Fulham,0,1,A,0,1,A,12,13,1,3,13,10,2,3,2,3,0,0
119,Man City,Man United,4,0,H,3,0,H,16,5,6,2,12,12,4,3,0,0,0,0
120,Brighton,Leicester,1,2,A,1,1,D,10,21,5,5,5,15,5,8,2,3,0,0
121,Everton,Cardiff,2,1,H,1,1,D,9,12,5,6,13,16,3,8,2,1,0,0
122,Fulham,Southampton,1,1,D,0,1,A,10,11,4,2,7,10,2,6,3,2,0,0
123,Man United,Crystal Palace,2,2,D,1,1,D,11,6,3,2,15,12,2,3,4,4,0,0
124,Tottenham,Chelsea,2,0,H,0,0,D,27,6,7,1,5,9,9,4,1,3,0,0
125,Watford,Liverpool,5,4,H,1,1,D,18,12,9,4,12,24,10,6,4,5,0,0
126,West Ham,Man City,3,1,H,1,1,D,16,9,3,3,12,13,3,10,3,5,0,0
127,Bournemouth,Arsenal,1,1,D,1,1,D,17,6,8,2,16,16,8,4,3,1,0,0
128,Wolves,Huddersfield,1,0,H,1,0,H,17,13,7,1,11,15,5,2,0,2,0,0
129,Burnley,Newcastle,0,1,A,0,1,A,11,14,2,1,24,14,3,3,3,0,1,0
130,Cardiff,Wolves,3,0,H,2,0,H,9,17,4,3,11,13,4,9,3,1,0,0
131,Crystal Palace,Burnley,1,3,A,1,0,H,14,10,5,4,14,9,9,2,2,3,2,0
132,Huddersfield,Brighton,2,0,H,2,0,H,10,14,4,4,7,13,4,9,3,2,0,0
133,Leicester,Watford,2,1,H,0,0,D,22,17,6,5,8,12,3,4,3,1,0,0
134,Man City,Bournemouth,5,0,H,2,0,H,28,1,15,0,11,17,5,0,0,4,0,0
135,Newcastle,West Ham,3,1,H,2,0,H,11,17,3,5,12,8,3,4,2,1,0,1
136,Southampton,Man United,1,5,A,0,1,A,10,19,3,10,10,11,3,2,3,3,0,0
137,Arsenal,Tottenham,4,3,H,0,2,A,12,10,8,3,9,17,4,9,2,2,0,0
138,Chelsea,Fulham,1,1,D,0,1,A,13,10,6,2,13,11,6,3,2,3,0,0
139,Liverpool,Everton,1,0,H,0,0,D,16,6,4,2,6,11,13,7,1,1,0,0
140,Bournemouth,Huddersfield,3,1,H,1,1,D,21,12,6,5,9,6,7,7,0,0,0,0
141,Brighton,Crystal Palace,3,2,H,2,1,H,16,17,7,4,14,18,4,11,2,2,0,0
142,Watford,Man City,3,3,D,1,0,H,15,14,6,6,16,14,4,7,2,4,0,0
143,West Ham,Cardiff,4,2,H,3,0,H,10,19,6,4,10,7,3,11,2,1,0,0
144,Burnley,Liverpool,3,0,H,0,0,D,14,11,5,2,10,8,7,4,1,2,0,0
145,Everton,Newcastle,3,2,H,1,1,D,11,11,6,4,11,16,2,4,2,2,0,0
146,Fulham,Leicester,1,0,H,0,0,D,12,6,2,1,6,10,3,1,2,4,0,0
147,Man United,Arsenal,2,2,D,1,2,A,18,7,3,3,7,8,11,4,2,0,0,0
148,Tottenham,Southampton,1,0,H,1,0,H,15,12,5,4,19,17,3,8,3,3,0,0
149,Wolves,Chelsea,1,0,H,0,0,D,14,6,3,2,14,12,4,2,4,3,0,0
150,Arsenal,Huddersfield,1,0,H,1,0,H,9,12,3,4,5,15,4,11,0,3,0,0
151,Bournemouth,Liverpool,2,1,H,1,1,D,14,9,4,3,10,10,8,3,1,1,1,0
152,Burnley,Brighton,1,2,A,0,1,A,6,16,3,6,16,10,1,8,2,2,0,0
153,Cardiff,Southampton,2,0,H,1,0,H,13,5,7,2,16,20,5,2,1,2,0,0
154,Chelsea,Man City,0,3,A,0,1,A,8,15,3,4,11,14,5,2,1,0,0,0
155,Leicester,Tottenham,0,0,D,0,0,D,5,15,3,4,9,10,3,11,1,2,1,0
156,Man United,Fulham,0,1,A,0,1,A,8,19,3,6,15,10,5,5,3,2,0,0
157,West Ham,Crystal Palace,3,0,H,1,0,H,27,10,9,5,6,14,5,5,0,2,0,0
158,Newcastle,Wolves,3,1,H,0,0,D,13,8,4,4,8,8,0,11,0,0,0,0
159,Everton,Watford,1,0,H,1,0,H,20,8,7,2,12,15,6,1,0,2,0,0
160,Crystal Palace,Leicester,0,1,A,0,1,A,6,13,2,6,12,15,5,3,2,3,0,0
161,Fulham,West Ham,3,0,H,2,0,H,10,14,4,2,10,11,3,8,1,0,0,0
162,Huddersfield,Newcastle,2,2,D,2,0,H,16,14,7,8,9,12,9,9,2,6,0,1
163,Man City,Everton,1,0,H,0,0,D,12,9,4,4,10,9,4,11,1,2,0,0
164,Tottenham,Burnley,0,2,A,0,1,A,10,10,1,5,9,13,2,3,3,3,0,0
165,Watford,Cardiff,1,0,H,0,0,D,18,16,6,5,13,9,10,6,2,4,0,0
166,Wolves,Bournemouth,1,3,A,1,1,D,10,14,5,8,6,12,7,4,0,2,0,0
167,Brighton,Chelsea,2,1,H,0,1,A,14,6,5,1,9,13,8,1,4,2,0,0
168,Liverpool,Man United,2,1,H,1,1,D,30,5,9,2,10,11,11,2,1,2,0,0
169,Southampton,Arsenal,0,1,A,0,0,D,6,11,1,4,13,9,1,6,3,1,0,0
170,Wolves,Liverpool,1,0,H,0,0,D,26,3,11,1,11,7,6,5,2,1,0,0
171,Arsenal,Burnley,1,0,H,0,0,D,6,8,4,2,17,18,7,3,6,5,0,0
172,Bournemouth,Brighton,3,0,H,1,0,H,14,7,4,3,13,14,5,5,1,1,0,0
173,Cardiff,Man United,0,3,A,0,0,D,10,16,3,6,11,14,4,7,1,0,0,0
174,Chelsea,Leicester,0,2,A,0,0,D,7,8,2,3,14,7,3,4,3,0,0,0
175,Huddersfield,Southampton,3,1,H,1,0,H,26,7,9,4,6,9,5,5,1,1,0,0
176,Man City,Crystal Palace,1,4,A,0,1,A,14,14,7,7,10,12,8,4,0,0,0,0
177,Newcastle,Fulham,1,1,D,0,1,A,9,10,3,4,18,17,7,3,2,4,0,0
178,West Ham,Watford,4,1,H,2,1,H,20,6,6,2,9,6,8,2,0,1,0,0
179,Everton,Tottenham,1,4,A,1,1,D,9,17,2,5,7,16,2,10,1,4,1,0
180,Brighton,Arsenal,2,2,D,1,1,D,13,20,4,7,10,13,5,5,2,2,0,0
181,Burnley,Everton,4,1,H,1,0,H,16,11,6,3,10,8,6,2,1,1,0,0
182,Crystal Palace,Cardiff,4,2,H,1,0,H,18,5,7,2,12,10,8,3,3,2,0,0
183,Fulham,Wolves,1,0,H,1,0,H,12,25,4,5,11,8,7,7,5,3,0,0
184,Leicester,Man City,1,0,H,1,0,H,5,9,1,2,12,12,4,6,2,1,0,0
185,Liverpool,Newcastle,2,1,H,0,0,D,32,9,12,2,9,14,12,2,1,1,0,0
186,Man United,Huddersfield,1,2,A,1,1,D,10,7,1,3,13,17,8,3,1,3,1,0
187,Tottenham,Bournemouth,0,3,A,0,2,A,14,11,5,6,14,9,4,3,2,0,0,0
188,Watford,Chelsea,2,0,H,1,0,H,22,7,7,4,9,7,8,4,1,1,0,0
189,Southampton,West Ham,1,4,A,0,3,A,6,19,2,6,11,6,0,3,3,0,0,0
190,Brighton,Everton,3,0,H,0,0,D,17,12,6,3,5,14,10,8,0,1,0,0
191,Fulham,Huddersfield,2,1,H,0,0,D,14,11,3,3,11,11,8,8,4,3,1,0
192,Leicester,Cardiff,0,0,D,0,0,D,9,10,1,4,10,9,2,2,3,0,0,0
193,Liverpool,Arsenal,2,2,D,1,1,D,10,21,5,15,10,10,2,5,2,3,0,0
194,Tottenham,Wolves,3,1,H,0,1,A,8,17,5,6,5,4,7,9,0,0,0,0
195,Watford,Newcastle,0,2,A,0,0,D,8,13,2,6,9,13,2,1,1,2,1,0
196,Burnley,West Ham,3,3,D,2,0,H,12,14,6,4,10,12,4,7,3,3,1,0
197,Crystal Palace,Chelsea,1,2,A,0,1,A,7,11,3,4,13,14,4,5,2,1,0,0
198,Man United,Bournemouth,2,0,H,1,0,H,17,9,5,2,10,15,7,6,1,2,0,0
199,Southampton,Man City,2,0,H,1,0,H,9,11,2,2,9,8,1,6,3,2,0,0
200,Arsenal,Fulham,1,0,H,0,0,D,9,20,3,5,14,14,2,7,1,2,0,0
201,Cardiff,Tottenham,3,1,H,1,1,D,14,8,3,6,13,11,4,5,0,1,0,0
202,Everton,Leicester,0,3,A,0,1,A,7,8,2,3,8,9,3,5,1,0,0,0
203,Bournemouth,Watford,1,3,A,1,3,A,14,14,3,6,16,11,5,2,3,1,0,0
204,Chelsea,Southampton,0,4,A,0,1,A,12,14,3,6,12,8,3,2,2,0,0,0
205,Huddersfield,Burnley,4,0,H,2,0,H,21,3,11,0,11,12,8,0,0,2,0,0
206,Newcastle,Man United,0,0,D,0,0,D,12,5,5,1,15,15,3,1,3,1,0,0
207,West Ham,Brighton,3,0,H,0,0,D,14,10,3,1,10,14,2,2,4,2,0,0
208,Wolves,Crystal Palace,4,0,H,1,0,H,6,13,4,5,17,7,3,6,2,2,0,0
209,Man City,Liverpool,1,1,D,0,1,A,9,13,3,4,17,13,5,7,1,3,0,0
210,Brighton,Liverpool,2,2,D,0,1,A,15,10,5,3,6,16,9,4,1,1,0,0
211,Burnley,Fulham,0,1,A,0,0,D,8,16,2,8,10,15,8,7,0,1,0,0
212,Cardiff,Huddersfield,2,3,A,0,0,D,16,6,5,3,7,7,6,3,1,1,0,0
213,Chelsea,Newcastle,2,2,D,0,0,D,17,6,7,2,10,7,5,4,2,4,0,0
214,Crystal Palace,Watford,1,3,A,1,2,A,11,13,2,5,7,14,7,5,2,1,0,0
215,Leicester,Southampton,1,1,D,1,0,H,6,25,1,8,12,13,1,7,4,0,0,0
216,West Ham,Arsenal,2,0,H,2,0,H,14,9,5,3,15,12,1,4,1,1,0,0
217,Everton,Bournemouth,2,1,H,0,0,D,24,13,8,7,12,11,10,4,1,3,1,0
218,Tottenham,Man United,2,0,H,1,0,H,9,9,5,4,12,10,9,7,1,3,0,0
219,Man City,Wolves,3,0,H,2,0,H,20,11,7,2,8,10,7,2,0,1,0,0
220,Arsenal,Chelsea,1,2,A,0,2,A,20,10,5,6,12,15,9,5,3,3,0,0
221,Bournemouth,West Ham,0,2,A,0,0,D,10,11,2,4,14,23,2,3,0,4,0,0
222,Liverpool,Crystal Palace,1,0,H,0,0,D,24,13,3,5,4,8,10,2,1,0,0,0
223,Man United,Brighton,1,1,D,0,1,A,7,8,3,2,13,8,3,3,2,1,0,0
224,Newcastle,Cardiff,1,1,D,1,1,D,11,16,3,5,12,13,4,2,2,1,0,0
225,Southampton,Everton,0,0,D,0,0,D,3,14,1,3,9,13,2,12,2,1,0,0
226,Watford,Burnley,2,1,H,1,0,H,11,10,5,2,10,19,5,4,2,0,0,0
227,Wolves,Leicester,0,0,D,0,0,D,15,6,6,2,20,16,7,1,1,4,0,0
228,Fulham,Tottenham,1,1,D,1,1,D,14,14,7,5,21,12,5,5,1,0,0,0
229,Huddersfield,Man City,0,4,A,0,3,A,6,11,1,4,11,14,2,4,3,3,0,0
230,Arsenal,Cardiff,3,1,H,1,0,H,13,9,6,5,14,8,10,13,1,1,0,0
231,Fulham,Brighton,0,4,A,0,4,A,21,10,9,7,8,8,6,1,3,3,0,0
232,Huddersfield,Everton,6,3,H,3,0,H,15,18,10,8,14,4,4,8,3,1,0,0
233,Man United,Burnley,2,0,H,1,0,H,7,22,4,5,9,12,1,15,2,1,0,0
234,Newcastle,Man City,1,3,A,1,2,A,21,6,7,4,12,15,3,2,0,2,0,0
235,Wolves,West Ham,1,0,H,0,0,D,17,8,5,0,8,11,11,2,0,1,0,0
236,Bournemouth,Chelsea,2,1,H,2,0,H,16,11,7,7,12,10,3,6,5,0,0,1
237,Liverpool,Leicester,1,0,H,1,0,H,16,12,4,2,6,13,5,6,2,2,0,0
238,Southampton,Crystal Palace,0,3,A,0,2,A,11,15,1,9,12,13,10,3,2,4,0,0
239,Tottenham,Watford,2,1,H,1,0,H,17,4,5,2,9,13,10,3,2,3,0,0
240,Brighton,Watford,2,0,H,1,0,H,17,9,7,4,12,9,3,8,3,1,0,1
241,Burnley,Southampton,2,0,H,2,0,H,17,7,9,2,14,14,10,3,3,4,0,0
242,Cardiff,Bournemouth,2,0,H,1,0,H,22,9,11,3,10,12,5,1,1,0,0,0
243,Chelsea,Huddersfield,0,0,D,0,0,D,9,7,3,3,14,9,5,2,2,0,0,0
244,Crystal Palace,Fulham,1,0,H,0,0,D,7,6,4,1,10,14,5,5,1,3,0,0
245,Everton,Wolves,0,4,A,0,2,A,6,15,1,8,12,14,6,2,1,0,0,0
246,Tottenham,Newcastle,2,2,D,0,1,A,16,8,4,3,7,14,7,5,3,2,0,0
247,Leicester,Man United,1,1,D,1,1,D,6,13,4,2,12,11,1,1,3,2,0,0
248,Man City,Arsenal,2,0,H,2,0,H,10,9,4,1,7,14,7,3,2,2,0,0
249,West Ham,Liverpool,0,2,A,0,1,A,5,17,1,5,8,11,3,7,2,3,0,0
250,Everton,Man City,3,1,H,1,1,D,16,3,5,2,11,14,8,1,1,3,0,0
251,Brighton,Burnley,1,0,H,1,0,H,15,11,3,4,13,15,4,2,3,1,0,0
252,Crystal Palace,West Ham,2,0,H,1,0,H,20,10,8,1,10,16,10,6,0,2,0,0
253,Fulham,Man United,1,1,D,0,0,D,15,10,1,3,8,13,6,3,1,1,0,1
254,Huddersfield,Arsenal,1,1,D,1,0,H,9,13,1,2,18,14,4,6,4,1,0,1
255,Liverpool,Bournemouth,2,1,H,2,1,H,13,12,4,4,12,5,8,6,2,0,0,0
256,Southampton,Cardiff,4,0,H,4,0,H,21,5,9,3,11,14,8,5,2,3,0,0
257,Watford,Everton,3,1,H,2,0,H,13,17,7,7,8,5,5,12,0,0,0,0
258,Man City,Chelsea,3,1,H,1,1,D,17,10,5,4,12,13,10,4,1,1,0,0
259,Tottenham,Leicester,3,1,H,2,0,H,18,7,7,3,8,15,9,3,1,2,0,0
260,Wolves,Newcastle,1,1,D,1,1,D,20,3,7,1,9,11,15,2,3,2,0,1
261,Cardiff,Watford,2,0,H,2,0,H,13,8,8,2,16,20,6,1,1,2,0,0
262,West Ham,Fulham,3,2,H,1,1,D,23,6,10,4,7,13,9,2,2,2,0,0
263,Bournemouth,Wolves,3,4,A,1,2,A,16,20,4,11,16,9,6,5,3,2,0,0
264,Burnley,Tottenham,0,2,A,0,0,D,11,10,1,4,8,12,5,5,0,1,0,0
265,Leicester,Crystal Palace,0,2,A,0,1,A,11,14,3,7,11,4,6,4,1,0,0,0
266,Newcastle,Huddersfield,3,2,H,1,0,H,20,8,7,4,9,14,7,2,1,2,0,0
267,Arsenal,Southampton,1,2,A,0,1,A,11,9,2,4,8,8,6,4,0,1,0,0
268,Man United,Liverpool,0,0,D,0,0,D,12,5,1,2,8,11,8,1,1,3,0,0
269,Cardiff,Everton,3,2,H,1,1,D,21,15,9,7,20,15,5,6,4,2,0,0
270,Huddersfield,Wolves,3,0,H,2,0,H,16,5,5,2,8,12,4,6,1,2,0,0
271,Leicester,Brighton,2,1,H,0,0,D,15,11,7,3,14,5,2,7,3,1,0,0
272,Newcastle,Burnley,2,1,H,1,1,D,10,11,3,1,12,16,11,1,2,2,0,0
273,Arsenal,Bournemouth,2,0,H,1,0,H,12,10,6,1,10,9,2,4,0,2,0,0
274,Chelsea,Tottenham,1,0,H,0,0,D,7,6,0,2,8,15,3,2,0,2,0,0
275,Crystal Palace,Man United,4,0,H,1,0,H,14,6,8,0,9,7,5,8,2,0,0,1
276,Liverpool,Watford,1,2,A,1,1,D,5,20,1,7,16,11,5,11,4,2,1,0
277,Man City,West Ham,0,0,D,0,0,D,14,17,5,3,14,7,3,5,2,1,0,0
278,Southampton,Fulham,3,1,H,1,1,D,12,11,8,2,5,6,4,5,1,0,0,0
279,Bournemouth,Man City,2,3,A,1,3,A,20,11,7,5,10,14,6,5,0,1,0,0
280,Brighton,Huddersfield,1,1,D,0,0,D,13,13,3,4,14,7,9,8,3,3,0,0
281,Burnley,Crystal Palace,1,3,A,0,1,A,10,14,3,6,9,8,8,3,1,1,0,0
282,Man United,Southampton,2,1,H,2,0,H,12,8,6,3,12,13,5,1,3,3,0,0
283,Tottenham,Arsenal,0,2,A,0,0,D,13,19,2,7,9,6,3,7,2,0,0,0
284,West Ham,Newcastle,1,2,A,1,2,A,24,8,11,3,12,14,9,3,3,2,0,0
285,Wolves,Cardiff,2,1,H,0,1,A,7,12,3,4,16,9,5,5,2,2,0,0
286,Everton,Liverpool,2,0,H,1,0,H,23,10,10,2,7,11,10,4,1,4,0,0
287,Fulham,Chelsea,3,1,H,2,1,H,10,9,6,4,17,10,2,3,1,3,0,0
288,Watford,Leicester,0,0,D,0,0,D,18,3,3,1,15,13,6,1,3,3,0,0
289,Cardiff,West Ham,0,0,D,0,0,D,14,12,4,3,14,8,6,3,1,0,0,0
290,Crystal Palace,Brighton,1,0,H,0,0,D,23,11,10,3,12,8,13,9,1,3,0,0
291,Huddersfield,Bournemouth,2,2,D,1,2,A,8,14,3,5,8,15,3,8,3,2,0,0
292,Leicester,Fulham,0,0,D,0,0,D,15,8,3,1,9,16,11,3,2,3,0,0
293,Man City,Watford,1,0,H,0,0,D,7,15,3,2,9,16,3,5,3,2,0,0
294,Newcastle,Everton,2,0,H,0,0,D,19,15,8,3,12,13,5,6,0,1,0,0
295,Southampton,Tottenham,1,1,D,0,1,A,18,11,3,4,10,18,6,5,1,4,0,1
296,Arsenal,Man United,2,0,H,1,0,H,9,18,2,2,11,14,5,6,1,4,1,0
297,Chelsea,Wolves,3,0,H,0,0,D,21,7,8,2,11,5,5,0,2,2,0,0
298,Liverpool,Burnley,2,1,H,2,1,H,10,17,4,7,10,14,2,9,1,3,0,0
299,Bournemouth,Newcastle,4,2,H,3,2,H,17,12,5,4,13,12,8,4,2,1,0,0
300,Burnley,Leicester,2,2,D,1,1,D,20,7,8,2,11,8,7,2,1,1,0,0
301,West Ham,Huddersfield,3,1,H,1,1,D,25,17,9,3,16,11,11,11,2,1,0,0
302,Everton,Chelsea,1,3,A,1,0,H,4,18,1,8,7,8,5,7,1,1,0,0
303,Fulham,Liverpool,1,3,A,1,2,A,12,15,1,5,7,11,4,4,2,3,0,0
304,Brighton,Southampton,3,1,H,1,0,H,23,6,7,1,6,8,7,3,0,2,0,0
305,Burnley,Wolves,0,0,D,0,0,D,12,7,5,2,9,12,4,3,0,3,0,0
306,Crystal Palace,Huddersfield,1,2,A,1,0,H,9,14,4,4,7,11,5,8,0,2,0,0
307,Fulham,Man City,4,0,H,3,0,H,19,8,6,2,12,12,7,5,0,1,0,0
308,Leicester,Bournemouth,0,1,A,0,1,A,17,10,6,3,12,12,7,3,2,2,0,0
309,Man United,Watford,1,0,H,1,0,H,14,4,6,1,12,12,4,3,5,1,0,0
310,West Ham,Everton,4,2,H,3,2,H,12,6,7,4,8,15,4,6,2,2,0,0
311,Cardiff,Chelsea,0,3,A,0,1,A,9,18,4,9,14,20,4,5,1,5,1,0
312,Liverpool,Tottenham,3,0,H,1,0,H,17,11,6,3,11,10,5,8,0,1,0,0
313,Arsenal,Newcastle,2,2,D,0,1,A,15,6,4,2,10,16,8,5,0,2,0,0
314,Watford,Fulham,3,1,H,0,0,D,29,13,7,6,15,14,6,7,2,0,0,0
315,Wolves,Man United,0,3,A,0,0,D,8,18,1,5,9,8,3,8,3,0,0,0
316,Chelsea,Brighton,3,1,H,1,0,H,14,14,4,3,12,5,3,7,0,2,0,0
317,Man City,Cardiff,2,2,D,1,1,D,14,7,4,3,14,10,8,1,1,0,0,1
318,Tottenham,Crystal Palace,4,0,H,2,0,H,24,5,14,1,8,10,13,1,0,1,0,0
319,Southampton,Liverpool,1,0,H,1,0,H,15,13,7,4,8,13,6,2,0,0,0,0
320,Bournemouth,Burnley,2,0,H,1,0,H,9,5,3,0,16,20,1,3,3,3,0,0
321,Huddersfield,Leicester,0,1,A,0,1,A,7,15,2,2,15,9,4,4,3,1,0,0
322,Newcastle,Crystal Palace,1,2,A,0,1,A,13,12,5,4,11,16,2,4,2,2,0,0
323,Everton,Arsenal,4,0,H,2,0,H,20,5,10,2,4,14,4,3,0,2,0,1
324,Chelsea,West Ham,2,0,H,0,0,D,8,13,3,2,10,11,4,7,3,1,1,0
325,Leicester,Newcastle,2,0,H,1,0,H,10,9,6,3,5,14,11,4,2,2,0,0
326,Brighton,Bournemouth,0,0,D,0,0,D,15,4,3,0,9,15,8,4,2,3,0,0
327,Burnley,Cardiff,0,2,A,0,2,A,8,12,0,6,17,16,3,3,2,1,0,0
328,Fulham,Everton,1,2,A,1,1,D,14,7,1,3,8,10,4,3,1,2,0,0
329,Man United,West Ham,4,2,H,2,1,H,17,12,7,4,13,9,6,7,2,2,0,0
330,Southampton,Wolves,1,0,H,0,0,D,12,7,5,3,9,13,12,1,2,4,0,0
331,Tottenham,Huddersfield,0,1,A,0,0,D,6,18,1,4,13,15,2,11,3,3,0,0
332,Crystal Palace,Man City,1,0,H,1,0,H,6,10,2,4,15,11,3,5,3,3,0,0
333,Liverpool,Chelsea,0,0,D,0,0,D,19,3,6,1,10,8,7,4,1,0,0,1
334,Watford,Arsenal,0,2,A,0,1,A,15,9,5,3,11,12,14,4,2,0,0,0
335,Brighton,Cardiff,0,0,D,0,0,D,11,9,2,1,9,13,6,6,0,3,0,0
336,Bournemouth,Fulham,0,0,D,0,0,D,19,12,4,4,12,3,5,3,1,0,0,0
337,Huddersfield,Watford,0,1,A,0,0,D,17,15,5,7,13,9,6,5,3,2,0,0
338,Man City,Tottenham,0,1,A,0,1,A,16,6,4,1,14,9,5,6,2,2,0,0
339,Newcastle,Southampton,0,3,A,0,0,D,12,11,4,5,13,11,2,4,3,4,0,0
340,West Ham,Leicester,1,1,D,1,0,H,12,12,6,4,11,13,5,2,2,2,0,0
341,Wolves,Brighton,2,2,D,1,0,H,14,22,6,4,9,9,4,11,4,4,0,0
342,Arsenal,Crystal Palace,2,0,H,0,0,D,20,12,11,4,7,15,14,5,1,3,0,0
343,Cardiff,Liverpool,0,1,A,0,1,A,9,12,2,8,11,9,3,5,3,1,0,0
344,Everton,Man United,1,0,H,0,0,D,13,11,5,5,8,9,3,7,4,2,0,0
345,Chelsea,Burnley,2,2,D,0,1,A,12,14,2,3,10,15,0,7,2,0,0,0
346,Tottenham,Brighton,2,2,D,0,0,D,14,11,4,3,9,14,5,8,1,3,0,0
347,Watford,Southampton,0,2,A,0,0,D,16,12,6,5,10,8,7,4,3,1,0,0
348,Man United,Man City,3,0,H,1,0,H,11,14,5,7,8,10,10,1,0,0,0,0
349,Wolves,Arsenal,5,0,H,1,0,H,26,5,12,2,12,8,9,3,1,3,0,0
350,Liverpool,Huddersfield,1,0,H,1,0,H,9,8,4,2,5,13,9,5,0,0,0,0
351,Brighton,Newcastle,2,0,H,0,0,D,9,10,4,4,14,10,5,9,1,0,0,0
352,Crystal Palace,Everton,0,0,D,0,0,D,17,4,8,0,9,4,3,6,1,3,0,0
353,Fulham,Cardiff,3,0,H,2,0,H,21,2,7,1,8,21,8,1,0,2,0,0
354,Southampton,Bournemouth,0,2,A,0,0,D,14,11,3,4,5,5,8,5,1,2,0,0
355,Tottenham,West Ham,1,0,H,0,0,D,15,14,6,2,7,11,9,8,0,3,0,0
356,Watford,Wolves,0,1,A,0,0,D,7,24,2,5,13,8,5,8,3,0,0,0
357,Burnley,Man City,2,1,H,1,0,H,18,14,6,3,6,11,7,1,0,1,0,0
358,Leicester,Arsenal,2,1,H,2,1,H,17,9,5,4,12,16,9,3,3,3,0,0
359,Man United,Chelsea,1,2,A,0,1,A,14,14,3,4,19,11,6,3,3,0,0,0
360,Everton,Burnley,1,4,A,0,1,A,10,10,4,6,13,7,7,6,1,2,0,0
361,Bournemouth,Tottenham,0,2,A,0,2,A,13,3,4,3,13,6,8,4,4,0,0,0
362,Cardiff,Crystal Palace,4,0,H,2,0,H,12,9,4,0,13,14,3,7,3,5,0,0
363,Newcastle,Liverpool,2,1,H,1,0,H,14,8,7,2,14,15,8,3,1,2,0,0
364,West Ham,Southampton,0,4,A,0,1,A,10,26,3,11,5,10,4,6,2,0,0,0
365,Wolves,Fulham,4,3,H,2,1,H,24,9,9,3,7,12,8,3,2,4,0,1
366,Arsenal,Brighton,2,0,H,0,0,D,36,6,13,2,15,10,17,3,4,2,0,0
367,Chelsea,Watford,3,1,H,2,0,H,21,5,10,2,8,11,7,1,1,2,0,0
368,Huddersfield,Man United,0,0,D,0,0,D,17,11,6,1,7,10,7,3,2,1,0,0
369,Man City,Leicester,1,6,A,0,2,A,12,26,5,12,11,8,4,4,3,1,0,0
370,Brighton,Man City,3,1,H,2,0,H,17,22,9,7,10,15,4,6,2,4,1,0
371,Burnley,Arsenal,1,2,A,1,1,D,9,14,1,4,11,14,2,5,2,2,0,0
372,Crystal Palace,Bournemouth,5,1,H,1,1,D,28,7,8,3,8,15,11,1,1,1,0,0
373,Fulham,Newcastle,1,7,A,0,3,A,10,19,4,14,14,5,2,3,0,0,0,0
374,Leicester,Chelsea,1,1,D,0,1,A,21,10,5,4,11,10,9,1,4,1,0,0
375,Liverpool,Wolves,3,0,H,1,0,H,25,9,10,3,13,8,3,3,0,1,0,0
376,Man United,Cardiff,2,0,H,2,0,H,9,6,2,1,16,10,3,6,2,0,0,0
377,Southampton,Huddersfield,0,1,A,0,0,D,14,14,6,3,12,10,4,10,2,4,0,0
378,Tottenham,Everton,2,1,H,0,1,A,12,16,2,5,8,10,7,4,1,1,0,0
379,Watford,West Ham,0,5,A,0,4,A,6,15,3,9,12,10,4,5,1,0,0,0
380,Man United,Leicester,4,3,H,2,2,D,27,6,10,3,9,12,9,4,0,1,0,0
381,Bournemouth,Cardiff,0,2,A,0,0,D,6,14,2,4,6,9,3,10,0,2,0,0
382,Fulham,Crystal Palace,2,3,A,0,3,A,19,10,6,5,16,11,8,5,3,3,2,0
383,Huddersfield,Chelsea,0,3,A,0,2,A,14,8,4,6,7,19,12,9,1,3,0,0
384,Newcastle,Tottenham,1,0,H,1,0,H,9,9,4,1,13,10,6,7,1,1,0,0
385,Watford,Brighton,0,0,D,0,0,D,29,4,2,0,10,13,13,0,2,1,0,0
386,Wolves,Everton,3,3,D,2,1,H,9,14,4,5,14,8,3,3,0,3,0,0
387,Arsenal,Man City,1,0,H,1,0,H,16,9,6,2,15,3,8,2,3,1,0,0
388,Liverpool,West Ham,4,0,H,1,0,H,22,9,6,1,19,7,11,1,2,2,0,0
389,Southampton,Burnley,0,2,A,0,0,D,6,18,3,6,6,10,5,7,1,2,1,0
390,Cardiff,Newcastle,0,2,A,0,0,D,6,19,2,7,6,14,8,5,1,3,0,0
391,Chelsea,Arsenal,0,1,A,0,0,D,20,8,0,1,11,11,5,5,1,0,0,1
392,Everton,Southampton,2,0,H,1,0,H,14,5,4,2,8,10,6,2,1,0,0,0
393,Leicester,Wolves,1,0,H,0,0,D,23,4,13,1,12,13,4,2,1,3,0,0
394,Tottenham,Fulham,3,2,H,2,1,H,14,16,5,8,18,10,7,2,1,1,0,1
395,West Ham,Bournemouth,1,0,H,0,0,D,11,18,4,6,6,11,2,9,0,0,0,0
396,Brighton,Man United,0,4,A,0,1,A,6,17,1,8,12,11,3,5,1,1,0,0
397,Burnley,Watford,1,0,H,0,0,D,7,13,3,5,13,10,7,3,3,4,0,0
398,Man City,Huddersfield,1,2,A,0,1,A,18,9,6,2,14,21,14,3,3,3,0,0
399,Crystal Palace,Liverpool,1,1,D,0,1,A,19,7,6,2,7,9,7,1,1,2,1,1
400,Arsenal,West Ham,1,2,A,1,1,D,9,19,3,8,13,14,2,5,5,4,0,1
401,Bournemouth,Everton,0,2,A,0,1,A,16,7,3,3,9,6,1,1,4,1,0,0
402,Huddersfield,Cardiff,0,0,D,0,0,D,16,6,6,3,10,10,5,4,0,1,0,0
403,Liverpool,Brighton,2,0,H,0,0,D,22,11,7,4,8,7,9,3,1,2,0,0
404,Southampton,Leicester,3,0,H,1,0,H,16,8,8,3,17,11,7,5,1,3,0,0
405,Wolves,Man City,0,0,D,0,0,D,8,16,0,2,7,18,3,11,0,1,1,0
406,Fulham,Burnley,2,0,H,2,0,H,18,7,7,0,12,7,6,3,2,2,0,0
407,Newcastle,Chelsea,4,0,H,2,0,H,18,8,10,0,6,9,4,3,2,4,0,0
408,Watford,Crystal Palace,1,1,D,0,0,D,28,13,5,3,9,9,10,7,0,0,0,0
409,Man United,Tottenham,1,1,D,0,0,D,10,16,2,2,10,9,10,4,2,2,0,0
410,Brighton,Fulham,3,0,H,2,0,H,17,7,9,2,14,10,10,3,0,1,0,0
411,Chelsea,Bournemouth,3,1,H,1,0,H,12,12,6,3,9,4,2,6,2,0,0,0
412,Crystal Palace,Southampton,0,3,A,0,2,A,12,15,1,6,14,14,7,3,3,1,0,0
413,Everton,Huddersfield,1,2,A,0,1,A,8,16,2,6,11,8,2,9,1,0,0,0
414,Leicester,Liverpool,5,0,H,2,0,H,13,10,7,3,10,9,8,3,2,2,0,1
415,Man City,Newcastle,0,2,A,0,1,A,9,12,1,3,8,11,7,4,0,0,0,0
416,West Ham,Wolves,2,2,D,1,1,D,10,18,5,8,10,10,5,11,0,0,0,0
417,Burnley,Man United,1,0,H,1,0,H,4,23,2,5,7,14,3,13,1,1,0,0
418,Cardiff,Arsenal,0,1,A,0,0,D,10,16,4,8,11,15,7,5,2,3,0,0
419,Watford,Tottenham,2,0,H,0,0,D,19,10,3,2,11,14,10,3,1,2,0,0
420,Bournemouth,Leicester,2,1,H,0,0,D,15,9,3,2,5,12,6,4,0,0,0,0
421,Chelsea,Cardiff,0,1,A,0,1,A,14,13,3,4,14,13,5,5,5,1,0,0
422,Huddersfield,Crystal Palace,1,1,D,0,0,D,15,10,3,1,6,6,8,4,1,1,0,0
423,Man City,Fulham,1,1,D,1,1,D,35,5,9,4,7,9,12,2,1,2,0,0
424,Newcastle,Arsenal,2,1,H,1,0,H,14,13,3,4,13,11,7,5,3,1,0,0
425,Tottenham,Liverpool,0,0,D,0,0,D,26,4,8,0,11,9,11,1,1,3,0,0
426,Watford,Man United,0,6,A,0,3,A,7,28,1,10,8,6,3,11,2,0,0,0
427,Everton,West Ham,0,0,D,0,0,D,6,9,1,1,15,7,2,3,2,2,0,0
428,Wolves,Burnley,0,0,D,0,0,D,13,11,4,2,11,15,5,1,1,3,1,0
429,Southampton,Brighton,4,0,H,1,0,H,16,7,7,3,15,14,4,1,1,1,0,0
430,Brighton,Tottenham,0,0,D,0,0,D,5,9,3,2,9,13,3,4,3,2,0,0
431,Burnley,Bournemouth,2,1,H,0,0,D,12,8,4,4,12,11,4,6,3,1,0,0
432,Cardiff,Man City,2,3,A,1,2,A,12,23,7,6,13,14,3,6,3,3,0,0
433,Crystal Palace,Newcastle,5,0,H,1,0,H,25,5,9,0,6,7,8,2,3,1,0,0
434,Fulham,Watford,0,1,A,0,1,A,14,9,4,4,12,9,8,4,1,4,0,0
435,Leicester,Huddersfield,0,4,A,0,2,A,13,7,2,4,5,14,5,0,2,2,0,0
436,Liverpool,Southampton,1,2,A,0,1,A,10,8,3,4,9,16,5,4,1,3,0,0
437,Man United,Wolves,2,3,A,0,2,A,10,15,4,5,10,20,4,3,4,2,0,1
438,Arsenal,Everton,1,0,H,0,0,D,7,17,3,5,6,8,2,8,2,1,0,0
439,West Ham,Chelsea,2,0,H,1,0,H,16,7,6,3,8,17,7,4,1,4,0,0
440,Arsenal,Watford,0,0,D,0,0,D,19,8,4,1,6,10,7,5,1,0,0,0
441,Chelsea,Liverpool,0,1,A,0,0,D,4,17,2,6,8,13,4,8,0,2,0,0
442,Everton,Fulham,0,4,A,0,3,A,6,14,1,7,7,4,4,7,1,1,0,0
443,Huddersfield,Tottenham,4,0,H,2,0,H,18,6,7,1,6,9,6,5,0,0,0,0
444,Man City,Brighton,2,1,H,1,0,H,17,21,6,3,11,10,5,6,1,2,0,0
445,Newcastle,Leicester,2,2,D,2,1,H,9,15,4,3,12,11,7,6,3,0,0,0
446,West Ham,Man United,1,0,H,0,0,D,9,6,4,1,15,13,2,1,3,2,0,0
447,Wolves,Southampton,2,0,H,1,0,H,25,9,12,1,7,8,6,5,0,2,0,0
448,Cardiff,Burnley,0,1,A,0,1,A,23,5,4,2,14,7,9,3,2,2,0,0
449,Bournemouth,Crystal Palace,1,1,D,1,1,D,8,17,5,2,11,6,1,5,1,1,0,0
450,Brighton,West Ham,1,1,D,0,1,A,20,8,5,6,11,14,7,4,2,2,0,1
451,Burnley,Huddersfield,2,1,H,2,1,H,14,15,5,5,7,6,5,8,2,1,0,0
452,Crystal Palace,Wolves,0,0,D,0,0,D,19,6,5,1,7,13,7,3,0,2,0,0
453,Leicester,Everton,7,2,H,3,1,H,20,5,11,1,5,8,5,0,0,1,0,0
454,Man United,Newcastle,2,0,H,1,0,H,7,7,3,2,12,16,5,3,1,5,0,0
455,Tottenham,Cardiff,1,0,H,0,0,D,18,5,6,1,9,7,9,5,1,3,0,0
456,Watford,Bournemouth,2,1,H,0,1,A,11,9,2,6,8,10,2,5,1,0,0,0
457,Fulham,Arsenal,1,1,D,0,0,D,12,13,3,6,12,10,7,1,4,1,0,0
458,Liverpool,Man City,2,2,D,0,1,A,12,19,2,5,11,12,3,8,1,2,0,0
459,Southampton,Chelsea,1,1,D,0,0,D,11,5,3,1,13,6,4,1,2,2,0,0
460,Bournemouth,Southampton,0,3,A,0,2,A,16,7,2,5,5,13,10,3,1,0,0,0
461,Cardiff,Fulham,4,2,H,1,1,D,14,16,8,5,13,16,6,6,2,3,0,0
462,Chelsea,Man United,2,1,H,2,0,H,5,9,3,3,10,12,4,7,4,2,0,0
463,Huddersfield,Liverpool,3,0,H,1,0,H,15,6,10,0,10,6,4,5,2,3,0,0
464,Man City,Burnley,1,0,H,0,0,D,7,10,3,0,12,14,3,5,4,2,0,0
465,Newcastle,Brighton,1,0,H,0,0,D,20,7,6,2,10,8,8,3,0,1,0,0
466,West Ham,Tottenham,1,2,A,0,2,A,10,7,2,3,17,10,8,3,0,1,0,0
467,Wolves,Watford,1,2,A,0,1,A,19,11,4,6,6,9,7,6,0,1,0,0
468,Everton,Crystal Palace,2,5,A,1,1,D,8,30,3,14,14,14,0,7,1,1,1,0
469,Arsenal,Leicester,4,1,H,3,1,H,14,12,6,7,2,8,3,5,0,1,0,0
470,Brighton,Wolves,2,1,H,0,1,A,17,4,5,2,9,9,5,2,0,0,0,0
471,Fulham,Bournemouth,0,1,A,0,0,D,7,18,1,5,5,5,5,5,2,0,0,0
472,Leicester,West Ham,2,2,D,0,2,A,19,6,9,2,18,15,11,2,1,2,0,0
473,Liverpool,Cardiff,3,0,H,0,0,D,16,1,8,0,10,8,9,2,0,1,0,0
474,Southampton,Newcastle,1,0,H,0,0,D,11,13,3,4,12,14,6,3,1,0,0,0
475,Watford,Huddersfield,0,1,A,0,1,A,13,6,0,2,10,9,8,1,4,4,0,0
476,Burnley,Chelsea,2,3,A,1,2,A,6,15,4,5,10,7,1,2,2,3,0,0
477,Crystal Palace,Arsenal,1,1,D,0,1,A,7,6,2,1,9,10,2,7,3,1,0,0
478,Man United,Everton,2,0,H,2,0,H,9,16,3,2,6,10,3,10,0,2,0,0
479,Tottenham,Man City,1,0,H,0,0,D,12,12,5,5,9,10,5,3,3,0,0,0
480,Arsenal,Liverpool,1,0,H,1,0,H,7,9,3,3,8,15,3,5,1,4,1,0
481,Bournemouth,Man United,0,1,A,0,0,D,16,16,4,6,11,12,11,9,2,2,0,0
482,Cardiff,Leicester,0,1,A,0,0,D,13,5,3,1,4,4,9,1,0,0,0,0
483,Everton,Brighton,2,2,D,1,1,D,11,14,7,4,12,8,4,10,0,0,0,0
484,Newcastle,Watford,0,1,A,0,1,A,12,5,2,2,13,12,8,7,2,1,0,0
485,West Ham,Burnley,1,4,A,0,2,A,6,15,1,7,9,13,2,3,3,0,0,0
486,Wolves,Tottenham,1,0,H,0,0,D,18,10,8,2,16,20,4,7,1,3,0,0
487,Chelsea,Crystal Palace,3,2,H,0,0,D,10,11,5,3,14,12,2,5,0,2,0,0
488,Man City,Southampton,3,1,H,1,0,H,9,6,5,3,15,15,5,5,1,6,0,0
489,Huddersfield,Fulham,1,0,H,0,0,D,12,11,2,3,6,7,10,9,0,2,0,0
490,Cardiff,Brighton,2,0,H,2,0,H,14,14,5,4,11,16,7,4,4,1,0,0
491,Crystal Palace,Tottenham,4,0,H,2,0,H,11,20,5,3,13,10,8,11,3,2,1,0
492,Huddersfield,West Ham,2,0,H,2,0,H,16,13,7,1,12,12,8,6,1,1,0,0
493,Leicester,Burnley,2,2,D,2,2,D,16,8,7,5,9,26,9,4,2,3,0,0
494,Newcastle,Bournemouth,0,2,A,0,1,A,2,12,0,4,8,10,1,7,1,1,0,0
495,Southampton,Watford,3,0,H,2,0,H,21,5,8,0,15,9,10,2,1,1,0,0
496,Arsenal,Wolves,4,1,H,2,1,H,16,12,7,5,10,9,11,4,1,1,0,0
497,Chelsea,Everton,0,4,A,0,3,A,7,11,2,7,13,12,3,4,2,3,0,0
498,Liverpool,Fulham,2,0,H,1,0,H,17,10,7,6,13,10,3,1,1,4,0,0
499,Man City,Man United,2,2,D,1,2,A,9,13,3,6,13,5,6,7,1,0,0,0
500,Brighton,Leicester,1,1,D,1,1,D,8,7,4,2,9,12,5,5,1,1,0,0
501,Everton,Cardiff,2,1,H,0,0,D,10,9,5,3,9,5,5,2,1,1,0,0
502,Fulham,Southampton,1,1,D,0,0,D,16,11,4,3,10,7,7,8,0,0,0,0
503,Man United,Crystal Palace,1,0,H,0,0,D,15,8,4,2,9,9,5,0,0,2,0,0
504,Tottenham,Chelsea,0,3,A,0,2,A,12,12,2,4,8,13,6,3,1,2,0,0
505,Watford,Liverpool,0,0,D,0,0,D,10,9,1,5,18,6,4,5,4,2,0,0
506,West Ham,Man City,1,1,D,0,1,A,24,5,5,2,10,13,8,0,1,4,0,0
507,Bournemouth,Arsenal,0,1,A,0,0,D,8,17,2,2,8,14,5,5,2,0,0,0
508,Wolves,Huddersfield,1,2,A,1,0,H,4,14,0,5,10,10,3,7,2,3,1,0
509,Burnley,Newcastle,4,1,H,1,1,D,17,5,5,2,6,13,7,2,0,0,0,0
510,Cardiff,Wolves,0,0,D,0,0,D,10,10,4,4,13,8,10,5,2,0,0,0
511,Crystal Palace,Burnley,2,1,H,2,0,H,7,18,4,6,7,10,4,9,1,2,0,0
512,Huddersfield,Brighton,2,4,A,0,3,A,12,15,3,7,12,10,5,5,2,1,0,0
513,Leicester,Watford,2,2,D,1,0,H,8,14,4,4,13,12,1,6,0,0,0,0
514,Man City,Bournemouth,5,0,H,1,0,H,21,7,7,2,10,12,7,2,0,1,0,0
515,Newcastle,West Ham,1,2,A,0,1,A,10,10,2,4,9,11,4,6,0,1,0,0
516,Southampton,Man United,1,0,H,0,0,D,21,2,10,0,10,7,15,1,1,0,0,0
517,Arsenal,Tottenham,4,0,H,2,0,H,8,7,5,3,16,6,2,6,2,1,0,0
518,Chelsea,Fulham,2,1,H,0,0,D,26,7,12,2,12,11,6,5,1,1,0,0
519,Liverpool,Everton,0,3,A,0,1,A,10,14,1,7,8,10,5,9,1,5,0,0
520,Bournemouth,Huddersfield,1,3,A,0,2,A,33,8,15,4,11,10,12,1,3,2,0,1
521,Brighton,Crystal Palace,1,5,A,0,2,A,6,12,2,6,8,7,2,2,1,0,0,0
522,Watford,Man City,3,1,H,2,1,H,23,8,9,2,8,13,11,4,0,1,0,0
523,West Ham,Cardiff,2,0,H,0,0,D,6,5,4,3,12,9,2,5,2,1,0,0
524,Burnley,Liverpool,1,0,H,1,0,H,16,14,3,4,3,11,10,7,0,2,0,0
525,Everton,Newcastle,2,1,H,2,1,H,10,10,3,3,12,10,2,6,2,0,0,0
526,Fulham,Leicester,1,1,D,1,1,D,6,8,2,2,16,8,7,2,4,1,0,1
527,Man United,Arsenal,0,0,D,0,0,D,20,10,6,2,11,10,3,7,3,1,0,0
528,Tottenham,Southampton,1,1,D,1,0,H,16,15,5,4,6,12,5,4,2,1,0,0
529,Wolves,Chelsea,2,1,H,0,1,A,24,7,8,4,5,7,10,4,2,2,0,0
530,Arsenal,Huddersfield,1,0,H,1,0,H,8,11,5,2,10,12,3,5,1,0,0,1
531,Bournemouth,Liverpool,2,2,D,2,2,D,24,11,8,5,14,14,6,3,5,2,0,0
532,Burnley,Brighton,2,0,H,2,0,H,19,7,6,2,6,10,8,1,0,0,0,0
533,Cardiff,Southampton,2,3,A,1,1,D,10,13,4,5,10,9,6,5,2,1,0,0
534,Chelsea,Man City,1,0,H,0,0,D,18,7,3,1,8,18,6,3,2,5,0,0
535,Leicester,Tottenham,5,1,H,1,0,H,20,4,11,3,12,9,12,6,1,0,0,0
536,Man United,Fulham,1,0,H,1,0,H,5,19,2,2,10,10,4,3,6,1,0,0
537,West Ham,Crystal Palace,1,1,D,1,0,H,23,3,3,2,8,11,12,1,1,3,0,0
538,Newcastle,Wolves,1,2,A,1,1,D,8,14,5,7,16,10,2,8,4,2,0,0
539,Everton,Watford,1,1,D,1,0,H,6,11,3,6,12,10,4,5,2,2,0,0
540,Crystal Palace,Leicester,1,0,H,0,0,D,10,14,2,7,6,14,6,4,0,0,0,0
541,Fulham,West Ham,2,1,H,0,1,A,14,7,4,2,14,18,4,6,2,1,0,1
542,Huddersfield,Newcastle,1,3,A,0,2,A,7,12,2,5,11,4,1,3,0,0,0,0
543,Man City,Everton,0,0,D,0,0,D,14,6,5,1,16,6,5,7,1,0,0,0
544,Tottenham,Burnley,1,0,H,1,0,H,9,14,2,7,14,12,4,9,1,2,0,0
545,Watford,Cardiff,0,1,A,0,1,A,16,7,4,4,10,11,4,1,1,2,1,0
546,Wolves,Bournemouth,1,4,A,0,3,A,12,16,4,11,13,9,9,9,1,0,0,0
547,Brighton,Chelsea,0,4,A,0,2,A,7,23,3,10,12,6,2,5,0,0,0,0
548,Liverpool,Man United,2,0,H,1,0,H,25,7,8,4,5,10,10,2,1,1,0,0
549,Southampton,Arsenal,0,0,D,0,0,D,6,22,0,3,9,9,1,7,1,0,0,0
550,Wolves,Liverpool,1,0,H,1,0,H,23,10,5,2,13,9,7,5,2,1,0,0
551,Arsenal,Burnley,0,0,D,0,0,D,12,11,2,6,13,13,8,2,4,2,0,0
552,Bournemouth,Brighton,1,0,H,1,0,H,24,6,8,2,8,16,8,4,1,3,0,0
553,Cardiff,Man United,0,3,A,0,2,A,11,13,2,6,12,13,6,4,2,2,1,0
554,Chelsea,Leicester,4,1,H,1,0,H,20,7,11,2,13,20,5,1,2,4,0,0
555,Huddersfield,Southampton,0,3,A,0,1,A,17,14,0,7,12,13,7,9,2,1,0,0
556,Man City,Crystal Palace,1,4,A,0,2,A,13,15,3,9,12,17,8,7,2,1,1,1
557,Newcastle,Fulham,0,4,A,0,3,A,6,21,2,7,5,10,2,3,1,1,0,0
558,West Ham,Watford,1,2,A,0,2,A,12,8,5,3,14,7,6,3,1,3,0,0
559,Everton,Tottenham,3,1,H,1,1,D,12,8,7,3,12,12,6,3,2,3,0,0
560,Brighton,Arsenal,3,3,D,0,1,A,11,14,4,9,9,11,7,8,1,0,0,0
561,Burnley,Everton,1,0,H,0,0,D,14,13,3,1,8,11,6,4,0,0,0,0
562,Crystal Palace,Cardiff,0,3,A,0,1,A,5,18,2,8,10,10,4,4,1,2,0,0
563,Fulham,Wolves,0,0,D,0,0,D,5,25,0,8,8,4,2,7,3,0,0,0
564,Leicester,Man City,2,2,D,1,1,D,11,19,3,6,19,8,4,6,2,2,1,0
565,Liverpool,Newcastle,4,0,H,1,0,H,14,5,5,1,8,7,4,6,0,1,0,0
566,Man United,Huddersfield,1,1,D,1,0,H,12,10,6,3,16,9,9,1,2,1,0,0
567,Tottenham,Bournemouth,3,1,H,2,0,H,9,17,5,7,9,11,1,11,1,0,0,0
568,Watford,Chelsea,1,1,D,0,0,D,7,13,2,5,13,11,6,3,2,3,0,0
569,Southampton,West Ham,2,3,A,1,1,D,19,11,6,4,9,12,6,3,1,1,0,0
570,Brighton,Everton,3,3,D,1,1,D,26,10,10,5,12,14,7,4,3,4,0,0
571,Fulham,Huddersfield,2,0,H,0,0,D,25,8,8,1,8,8,13,1,0,1,0,0
572,Leicester,Cardiff,1,1,D,1,0,H,18,15,8,7,9,12,8,5,2,4,0,0
573,Liverpool,Arsenal,5,0,H,1,0,H,22,7,9,4,5,8,4,2,0,1,0,0
574,Tottenham,Wolves,2,2,D,0,2,A,23,3,6,2,10,14,12,2,3,7,0,0
575,Watford,Newcastle,5,2,H,2,0,H,16,16,7,6,8,15,3,8,0,2,0,0
576,Burnley,West Ham,2,1,H,1,1,D,11,11,1,5,7,13,8,8,3,3,0,0
577,Crystal Palace,Chelsea,0,0,D,0,0,D,17,7,3,3,14,13,10,2,2,0,0,0
578,Man United,Bournemouth,0,1,A,0,1,A,6,22,2,6,11,6,3,8,1,0,0,0
579,Southampton,Man City,2,3,A,0,1,A,16,16,2,9,12,7,5,4,0,1,0,0
580,Arsenal,Fulham,2,1,H,1,0,H,19,6,7,1,8,13,4,4,0,0,0,0
581,Cardiff,Tottenham,5,0,H,3,0,H,21,1,12,1,5,10,7,0,1,1,0,0
582,Everton,Leicester,0,0,D,0,0,D,3,11,1,4,14,14,5,4,2,1,0,0
583,Bournemouth,Watford,2,1,H,0,1,A,17,7,6,1,7,3,7,1,3,2,0,0
584,Chelsea,Southampton,0,0,D,0,0,D,15,8,3,3,12,13,10,7,2,4,0,0
585,Huddersfield,Burnley,0,0,D,0,0,D,11,10,2,3,11,10,3,6,2,2,0,0
586,Newcastle,Man United,1,2,A,1,0,H,9,9,4,4,14,13,1,8,4,2,0,0
587,West Ham,Brighton,0,0,D,0,0,D,10,15,1,4,14,11,7,8,5,4,0,0
588,Wolves,Crystal Palace,1,1,D,0,0,D,14,14,3,4,14,9,5,6,3,3,0,0
589,Man City,Liverpool,2,2,D,1,1,D,15,26,6,8,13,9,5,12,2,1,0,0
590,Brighton,Liverpool,1,2,A,0,0,D,13,19,4,5,4,12,3,9,0,0,0,0
591,Burnley,Fulham,0,2,A,0,0,D,12,21,0,6,11,10,6,6,2,0,0,0
592,Cardiff,Huddersfield,3,0,H,0,0,D,11,6,5,1,7,9,4,1,1,1,0,0
593,Chelsea,Newcastle,0,1,A,0,0,D,11,14,4,6,10,11,10,5,3,1,0,0
594,Crystal Palace,Watford,3,1,H,2,0,H,17,7,7,4,8,12,9,1,1,1,0,0
595,Leicester,Southampton,1,2,A,1,0,H,10,11,3,4,8,11,4,7,0,1,0,0
596,West Ham,Arsenal,0,2,A,0,1,A,8,12,1,5,12,9,6,5,2,2,0,0
597,Everton,Bournemouth,2,1,H,0,1,A,13,10,5,3,12,12,3,4,3,2,0,0
598,Tottenham,Man United,2,2,D,0,0,D,14,19,6,6,11,11,10,8,3,2,0,0
599,Man City,Wolves,1,1,D,0,0,D,31,3,8,1,10,6,7,1,0,2,0,0
600,Arsenal,Chelsea,0,0,D,0,0,D,17,14,7,1,14,13,6,3,2,2,0,1
601,Bournemouth,West Ham,1,0,H,1,0,H,17,8,2,2,16,10,3,2,0,3,0,0
602,Liverpool,Crystal Palace,1,4,A,1,1,D,8,8,2,6,7,9,7,3,1,1,0,0
603,Man United,Brighton,1,1,D,0,0,D,12,8,4,5,11,10,4,5,0,3,0,0
604,Newcastle,Cardiff,4,0,H,1,0,H,20,7,10,0,11,15,3,3,0,2,0,0
605,Southampton,Everton,2,2,D,0,2,A,16,10,4,4,11,13,5,4,0,5,0,0
606,Watford,Burnley,2,0,H,1,0,H,15,13,4,1,8,15,9,6,0,0,0,0
607,Wolves,Leicester,2,1,H,0,0,D,13,12,5,3,8,10,4,5,2,2,0,0
608,Fulham,Tottenham,4,3,H,1,1,D,16,11,7,4,10,7,5,6,2,3,0,0
609,Huddersfield,Man City,3,0,H,2,0,H,20,11,9,5,14,10,6,1,2,1,0,0
610,Arsenal,Cardiff,4,1,H,4,0,H,16,9,10,5,6,8,5,10,0,0,0,0
611,Fulham,Brighton,0,4,A,0,2,A,10,14,3,10,12,5,5,3,3,0,0,0
612,Huddersfield,Everton,0,1,A,0,0,D,13,12,2,2,7,12,5,4,3,3,0,0
613,Man United,Burnley,1,1,D,0,1,A,9,15,4,5,15,10,0,3,2,1,0,0
614,Newcastle,Man City,2,0,H,1,0,H,9,11,5,3,11,10,4,5,0,0,0,0
615,Wolves,West Ham,3,1,H,1,0,H,21,6,9,4,5,10,18,0,0,1,0,0
616,Bournemouth,Chelsea,2,0,H,0,0,D,11,6,6,3,18,13,3,2,1,1,0,0
617,Liverpool,Leicester,1,1,D,0,0,D,12,8,4,3,8,7,6,3,3,1,0,0
618,Southampton,Crystal Palace,1,1,D,1,1,D,10,17,4,2,8,15,2,9,2,3,0,0
619,Tottenham,Watford,1,0,H,1,0,H,3,21,2,4,5,9,3,9,0,2,0,0
620,Brighton,Watford,0,3,A,0,2,A,5,14,1,7,8,8,1,4,0,0,0,0
621,Burnley,Southampton,3,1,H,1,1,D,12,9,4,4,4,8,4,3,0,3,0,0
622,Cardiff,Bournemouth,1,1,D,1,1,D,8,9,3,3,11,15,5,3,1,3,0,0
623,Chelsea,Huddersfield,0,3,A,0,0,D,21,11,5,5,5,12,8,5,1,0,0,0
624,Crystal Palace,Fulham,2,1,H,2,0,H,9,8,4,1,9,10,5,5,0,2,0,0
625,Everton,Wolves,3,0,H,1,0,H,19,3,10,1,10,10,9,1,1,3,0,0
626,Tottenham,Newcastle,1,1,D,0,0,D,14,11,4,2,15,15,7,4,1,2,0,0
627,Leicester,Man United,1,1,D,0,1,A,18,9,3,2,8,10,7,2,3,1,0,0
628,Man City,Arsenal,0,0,D,0,0,D,11,12,4,2,12,12,2,6,4,3,0,0
629,West Ham,Liverpool,2,0,H,2,0,H,22,6,6,3,10,13,6,3,2,2,0,0
630,Everton,Man City,5,1,H,4,0,H,15,11,7,2,8,8,4,6,2,0,0,0
631,Brighton,Burnley,2,1,H,0,1,A,15,13,8,4,14,19,8,1,2,3,0,0
632,Crystal Palace,West Ham,3,1,H,1,1,D,21,4,5,1,11,7,4,1,3,1,0,0
633,Fulham,Man United,1,1,D,0,1,A,8,20,3,7,9,6,3,13,4,1,0,0
634,Huddersfield,Arsenal,1,1,D,1,0,H,13,3,5,1,9,8,3,3,1,0,0,0
635,Liverpool,Bournemouth,2,0,H,0,0,D,16,4,7,0,5,19,5,2,2,4,0,0
636,Southampton,Cardiff,2,3,A,1,2,A,9,13,3,5,12,10,5,7,2,1,0,0
637,Watford,Everton,1,1,D,0,1,A,21,11,6,8,11,8,5,6,1,1,0,0
638,Man City,Chelsea,2,2,D,1,0,H,9,13,3,6,15,9,3,7,3,1,0,0
639,Tottenham,Leicester,4,1,H,1,0,H,21,7,8,3,11,8,6,2,2,2,0,1
640,Wolves,Newcastle,3,1,H,0,0,D,11,16,5,4,14,15,8,7,1,1,0,0
641,Cardiff,Watford,5,1,H,1,1,D,19,2,11,2,10,12,8,2,2,3,0,0
642,West Ham,Fulham,1,1,D,0,1,A,15,14,3,6,6,10,7,4,0,0,0,0
643,Bournemouth,Wolves,1,0,H,0,0,D,12,13,4,1,10,9,5,2,2,1,0,0
644,Burnley,Tottenham,1,0,H,0,0,D,18,6,6,1,13,9,10,2,2,1,0,0
645,Leicester,Crystal Palace,2,0,H,1,0,H,8,11,4,4,11,7,8,7,1,1,0,0
646,Newcastle,Huddersfield,4,1,H,2,1,H,15,7,4,2,12,12,2,6,0,3,0,0
647,Arsenal,Southampton,1,0,H,0,0,D,10,13,3,6,12,15,0,10,0,2,0,0
648,Man United,Liverpool,0,2,A,0,2,A,6,16,4,4,5,8,3,1,1,2,0,0
649,Cardiff,Everton,3,0,H,1,0,H,20,8,8,1,11,11,8,7,0,2,0,0
650,Huddersfield,Wolves,2,2,D,0,2,A,18,15,5,4,12,10,8,1,1,4,0,0
651,Leicester,Brighton,4,1,H,1,0,H,16,11,5,1,17,6,3,5,1,0,0,0
652,Newcastle,Burnley,1,1,D,0,0,D,9,13,3,6,8,14,7,5,1,0,0,0
653,Arsenal,Bournemouth,1,1,D,0,1,A,19,6,9,2,10,16,13,1,1,3,0,0
654,Chelsea,Tottenham,4,1,H,1,0,H,21,7,12,4,7,7,8,2,0,2,0,0
655,Crystal Palace,Man United,1,0,H,0,0,D,13,7,5,2,10,9,6,5,3,1,0,0
656,Liverpool,Watford,1,2,A,0,0,D,10,16,3,7,11,9,6,3,1,1,0,0
657,Man City,West Ham,0,1,A,0,0,D,5,14,3,4,12,5,2,13,0,1,0,0
658,Southampton,Fulham,2,1,H,1,1,D,10,14,5,7,13,12,3,4,2,2,0,0
659,Bournemouth,Man City,0,3,A,0,3,A,10,9,5,5,11,11,6,1,1,1,0,0
660,Brighton,Huddersfield,2,1,H,0,1,A,21,10,8,4,9,12,10,4,1,1,0,1
661,Burnley,Crystal Palace,1,1,D,0,1,A,23,8,4,3,11,7,13,1,2,1,0,0
662,Man United,Southampton,2,0,H,1,0,H,14,7,3,2,7,9,8,3,0,0,0,0
663,Tottenham,Arsenal,0,0,D,0,0,D,18,12,6,3,8,13,15,4,0,1,0,0
664,West Ham,Newcastle,4,1,H,2,0,H,9,7,8,2,9,14,4,5,0,3,0,0
665,Wolves,Cardiff,2,0,H,1,0,H,15,3,7,3,6,8,8,1,1,1,0,0
666,Everton,Liverpool,1,0,H,0,0,D,15,9,4,2,11,12,4,6,2,0,0,0
667,Fulham,Chelsea,2,1,H,2,1,H,13,15,6,7,13,12,6,11,3,3,0,0
668,Watford,Leicester,1,0,H,0,0,D,13,3,3,0,8,9,5,2,2,1,0,0
669,Cardiff,West Ham,2,3,A,1,0,H,10,17,4,8,10,8,3,7,1,3,0,0
670,Crystal Palace,Brighton,2,1,H,2,0,H,27,9,11,2,8,9,12,3,1,2,0,0
671,Huddersfield,Bournemouth,2,0,H,0,0,D,13,10,3,4,10,14,10,3,0,1,0,1
672,Leicester,Fulham,0,0,D,0,0,D,30,0,4,0,9,9,12,0,2,3,0,1
673,Man City,Watford,2,1,H,2,0,H,5,14,2,2,10,16,1,13,2,1,0,0
674,Newcastle,Everton,3,0,H,2,0,H,7,6,5,2,10,10,2,6,0,2,0,0
675,Southampton,Tottenham,1,4,A,1,1,D,6,14,2,6,6,7,7,6,1,3,0,0
676,Arsenal,Man United,0,3,A,0,0,D,13,7,4,4,13,7,5,1,2,2,0,0
677,Chelsea,Wolves,3,0,H,1,0,H,11,11,7,4,12,9,4,9,2,1,0,0
678,Liverpool,Burnley,1,4,A,1,1,D,14,12,3,8,10,7,4,5,1,1,0,0
679,Bournemouth,Newcastle,0,2,A,0,1,A,3,17,0,6,6,8,3,10,1,0,0,0
680,Burnley,Leicester,2,1,H,0,0,D,17,11,5,6,6,9,3,2,1,2,0,0
681,West Ham,Huddersfield,0,2,A,0,1,A,6,17,2,6,11,12,4,7,3,2,0,0
682,Everton,Chelsea,5,0,H,2,0,H,13,4,10,1,5,4,6,1,1,0,0,0
683,Fulham,Liverpool,1,2,A,0,0,D,9,17,4,9,13,12,1,9,1,1,1,0
684,Brighton,Southampton,0,2,A,0,0,D,15,6,3,4,11,13,6,1,2,4,0,1
685,Burnley,Wolves,1,2,A,1,0,H,6,16,3,6,6,8,4,6,2,2,0,0
686,Crystal Palace,Huddersfield,1,3,A,0,3,A,6,18,2,4,10,8,2,11,0,0,0,0
687,Fulham,Man City,2,0,H,2,0,H,11,3,5,2,5,13,3,3,0,0,0,0
688,Leicester,Bournemouth,1,0,H,0,0,D,18,4,3,0,9,10,3,3,1,4,0,0
689,Man United,Watford,2,2,D,1,1,D,16,13,5,6,16,6,7,4,4,0,0,0
690,West Ham,Everton,1,2,A,0,1,A,8,11,3,4,12,9,1,6,1,3,0,0
691,Cardiff,Chelsea,3,0,H,3,0,H,13,9,5,0,9,16,5,9,0,3,0,0
692,Liverpool,Tottenham,3,0,H,0,0,D,24,8,11,2,9,13,6,5,1,2,0,0
693,Arsenal,Newcastle,1,3,A,1,1,D,14,12,4,7,4,11,5,5,0,1,0,0
694,Watford,Fulham,2,2,D,0,0,D,20,13,5,6,8,9,11,3,2,2,0,0
695,Wolves,Man United,1,1,D,1,1,D,13,14,4,5,13,7,5,3,1,0,1,0
696,Chelsea,Brighton,0,0,D,0,0,D,6,10,1,3,12,7,3,2,0,0,0,0
697,Man City,Cardiff,1,2,A,0,1,A,8,8,1,4,7,14,7,5,1,3,0,0
698,Tottenham,Crystal Palace,2,3,A,2,0,H,20,5,6,4,17,9,8,4,6,3,0,0
699,Southampton,Liverpool,1,2,A,0,0,D,10,15,4,4,19,8,6,3,4,3,0,0
700,Bournemouth,Burnley,1,2,A,0,0,D,14,7,5,4,18,12,11,1,2,2,0,0
701,Huddersfield,Leicester,1,1,D,0,0,D,15,7,3,1,15,5,5,1,3,2,0,0
702,Newcastle,Crystal Palace,3,2,H,2,1,H,13,15,7,8,11,7,8,6,2,1,1,1
703,Everton,Arsenal,1,1,D,1,0,H,23,5,6,2,7,11,10,6,0,1,0,0
704,Chelsea,West Ham,2,1,H,2,0,H,8,15,3,6,9,10,4,8,2,1,0,0
705,Leicester,Newcastle,3,2,H,3,2,H,15,12,8,3,12,16,5,6,3,2,0,0
706,Brighton,Bournemouth,1,0,H,0,0,D,9,4,1,2,9,8,9,6,2,2,0,0
707,Burnley,Cardiff,3,0,H,1,0,H,20,6,7,1,9,9,7,5,1,1,0,0
708,Fulham,Everton,2,3,A,1,0,H,10,17,7,5,13,14,4,7,5,3,0,0
709,Man United,West Ham,1,1,D,0,1,A,17,12,7,3,10,11,6,3,1,1,0,0
710,Southampton,Wolves,1,3,A,1,2,A,8,17,3,6,11,12,5,7,3,4,0,0
711,Tottenham,Huddersfield,0,1,A,0,0,D,14,10,4,4,8,13,4,4,1,1,0,0
712,Crystal Palace,Man City,2,1,H,1,1,D,8,15,4,3,11,9,2,5,1,0,0,0
713,Liverpool,Chelsea,1,1,D,0,0,D,18,11,6,7,15,21,10,1,2,3,0,0
714,Watford,Arsenal,1,1,D,0,0,D,8,16,5,6,6,5,3,4,1,0,0,0
715,Brighton,Cardiff,0,2,A,0,1,A,13,13,2,4,9,8,8,5,3,1,0,0
716,Bournemouth,Fulham,1,2,A,0,1,A,5,16,2,5,9,11,3,2,1,0,0,0
717,Huddersfield,Watford,0,0,D,0,0,D,11,6,3,2,10,10,11,3,0,0,0,0
718,Man City,Tottenham,0,0,D,0,0,D,14,6,4,1,17,13,4,3,3,5,0,0
719,Newcastle,Southampton,2,2,D,0,1,A,13,9,6,3,12,5,7,4,0,1,0,0
720,West Ham,Leicester,4,1,H,0,0,D,20,11,8,4,11,9,8,6,3,2,0,0
721,Wolves,Brighton,5,0,H,2,0,H,19,4,12,1,6,8,5,1,0,1,0,0
722,Arsenal,Crystal Palace,1,1,D,1,0,H,8,16,3,7,15,5,3,8,2,1,0,0
723,Cardiff,Liverpool,1,0,H,0,0,D,9,9,1,2,10,11,4,6,2,1,0,0
724,Everton,Man United,0,0,D,0,0,D,10,9,4,1,5,17,3,4,0,2,0,0
725,Chelsea,Burnley,5,0,H,2,0,H,15,6,9,1,11,9,8,2,1,1,0,1
726,Tottenham,Brighton,0,2,A,0,1,A,9,7,2,5,9,8,4,3,1,0,0,0
727,Watford,Southampton,0,0,D,0,0,D,20,5,2,1,7,14,9,2,1,2,0,0
728,Man United,Man City,0,1,A,0,1,A,17,9,2,2,8,13,5,1,1,3,0,0
729,Wolves,Arsenal,2,1,H,1,1,D,14,14,6,7,12,11,5,8,5,1,0,0
730,Liverpool,Huddersfield,0,1,A,0,1,A,10,11,3,3,13,9,1,2,1,1,0,0
731,Brighton,Newcastle,2,1,H,1,0,H,17,8,3,3,12,7,9,0,0,1,0,0
732,Crystal Palace,Everton,1,4,A,1,2,A,4,19,1,7,5,11,0,7,0,1,0,0
733,Fulham,Cardiff,2,0,H,1,0,H,13,13,3,5,11,10,4,0,1,0,0,0
734,Southampton,Bournemouth,1,0,H,0,0,D,11,16,4,3,5,3,5,6,2,0,0,0
735,Tottenham,West Ham,1,0,H,1,0,H,13,12,5,3,10,10,11,6,1,4,0,0
736,Watford,Wolves,1,1,D,0,0,D,9,11,3,5,14,12,3,4,2,4,0,1
737,Burnley,Man City,0,2,A,0,1,A,13,13,2,3,8,9,8,3,1,2,0,0
738,Leicester,Arsenal,1,2,A,1,0,H,7,13,2,2,18,12,1,7,5,2,0,0
739,Man United,Chelsea,2,1,H,2,0,H,11,9,8,1,9,11,2,5,2,1,0,0
740,Everton,Burnley,1,0,H,0,0,D,9,18,1,5,13,12,5,9,4,1,0,0
741,Bournemouth,Tottenham,5,0,H,2,0,H,16,6,8,2,6,7,4,5,0,1,0,0
742,Cardiff,Crystal Palace,1,0,H,1,0,H,12,10,4,5,12,9,3,1,3,2,0,0
743,Newcastle,Liverpool,0,0,D,0,0,D,15,5,2,3,9,4,10,1,0,3,0,0
744,West Ham,Southampton,0,1,A,0,0,D,11,13,3,8,7,15,7,6,2,1,0,0
745,Wolves,Fulham,1,1,D,0,0,D,22,3,5,2,7,10,9,0,0,1,0,0
746,Arsenal,Brighton,3,1,H,1,0,H,19,14,10,7,7,12,6,6,2,2,0,1
747,Chelsea,Watford,3,1,H,2,1,H,19,6,7,3,5,7,4,3,0,1,0,0
748,Huddersfield,Man United,1,0,H,0,0,D,11,14,7,3,10,8,6,4,2,3,0,0
749,Man City,Leicester,0,0,D,0,0,D,9,16,2,6,12,12,1,6,1,1,0,0
750,Brighton,Man City,1,2,A,1,0,H,12,16,4,5,14,9,7,8,0,0,0,0
751,Burnley,Arsenal,2,0,H,0,0,D,11,7,5,1,10,11,4,2,2,3,0,0
752,Crystal Palace,Bournemouth,0,1,A,0,1,A,18,9,3,4,11,7,7,4,1,0,0,0
753,Fulham,Newcastle,4,0,H,2,0,H,22,2,11,1,3,6,7,3,0,0,0,0
754,Leicester,Chelsea,1,0,H,1,0,H,7,7,1,3,6,11,6,5,4,0,0,0
755,Liverpool,Wolves,3,0,H,1,0,H,16,6,6,2,11,10,4,2,0,1,0,0
756,Man United,Cardiff,0,1,A,0,0,D,8,13,3,2,8,10,1,12,3,1,0,0
757,Southampton,Huddersfield,1,2,A,1,2,A,26,8,11,5,12,9,6,0,1,2,0,0
758,Tottenham,Everton,5,4,H,1,2,A,14,16,6,9,9,13,4,4,1,2,0,0
759,Watford,West Ham,3,1,H,1,0,H,15,14,4,7,10,13,6,6,0,1,0,0
760,Man United,Leicester,2,1,H,1,0,H,8,13,6,4,11,8,2,5,2,1,0,0
761,Bournemouth,Cardiff,2,0,H,1,0,H,12,10,4,1,11,9,7,4,1,1,0,0
762,Fulham,Crystal Palace,0,2,A,0,1,A,15,10,6,9,9,11,5,5,1,2,0,0
763,Huddersfield,Chelsea,0,3,A,0,2,A,6,13,1,4,9,8,2,5,2,1,0,0
764,Newcastle,Tottenham,1,2,A,1,2,A,15,15,2,5,11,12,3,5,2,2,0,0
765,Watford,Brighton,2,0,H,1,0,H,19,6,5,0,10,16,8,2,2,2,0,0
766,Wolves,Everton,2,2,D,1,1,D,11,6,4,5,8,7,3,6,0,1,0,1
767,Arsenal,Man City,0,2,A,0,1,A,9,17,3,8,11,14,2,9,2,2,0,0
768,Liverpool,West Ham,4,0,H,2,0,H,18,5,8,2,14,9,5,4,1,2,0,0
769,Southampton,Burnley,0,0,D,0,0,D,18,16,3,6,10,9,8,5,0,1,0,0
770,Cardiff,Newcastle,0,0,D,0,0,D,12,12,1,6,14,16,5,5,2,2,0,1
771,Chelsea,Arsenal,3,2,H,2,2,D,24,15,11,6,12,9,5,1,0,2,0,0
772,Everton,Southampton,2,1,H,2,0,H,13,15,7,4,8,20,2,5,0,5,0,0
773,Leicester,Wolves,2,0,H,2,0,H,6,11,2,3,10,8,1,9,2,1,1,0
774,Tottenham,Fulham,3,1,H,1,0,H,25,10,11,3,9,5,5,2,0,0,0,0
775,West Ham,Bournemouth,1,2,A,1,0,H,11,12,5,5,14,10,6,4,6,2,0,0
776,Brighton,Man United,3,2,H,3,1,H,6,9,3,3,16,13,3,5,1,1,0,0
777,Burnley,Watford,1,3,A,1,1,D,8,9,3,6,8,19,5,2,1,2,0,0
778,Man City,Huddersfield,6,1,H,3,1,H,32,5,14,1,9,4,10,3,0,2,0,0
779,Crystal Palace,Liverpool,0,2,A,0,1,A,8,16,2,6,6,13,6,7,1,1,1,0
780,Arsenal,West Ham,3,1,H,1,1,D,17,13,10,5,16,13,10,2,1,3,0,0
781,Bournemouth,Everton,2,2,D,0,0,D,17,11,5,3,12,10,6,2,0,3,1,1
782,Huddersfield,Cardiff,0,0,D,0,0,D,5,14,1,4,8,10,7,7,0,1,1,0
783,Liverpool,Brighton,1,0,H,1,0,H,22,6,8,2,8,14,8,5,1,1,0,0
784,Southampton,Leicester,1,2,A,0,0,D,11,8,5,5,13,11,10,3,1,1,1,0
785,Wolves,Man City,1,1,D,0,0,D,11,18,2,6,13,8,5,9,1,2,0,0
786,Fulham,Burnley,4,2,H,3,2,H,25,12,12,2,11,8,6,4,2,1,0,0
787,Newcastle,Chelsea,1,2,A,0,0,D,6,15,2,3,16,8,4,5,3,1,0,0
788,Watford,Crystal Palace,2,1,H,0,0,D,13,9,5,3,14,11,6,3,4,2,0,0
789,Man United,Tottenham,0,3,A,0,0,D,23,9,5,5,11,16,5,2,2,4,0,0
790,Brighton,Fulham,2,2,D,0,1,A,15,10,5,5,12,14,7,1,3,3,0,0
791,Chelsea,Bournemouth,2,0,H,0,0,D,24,8,6,1,10,7,7,6,2,2,0,0
792,Crystal Palace,Southampton,0,2,A,0,0,D,20,19,6,6,11,12,7,4,1,1,0,0
793,Everton,Huddersfield,1,1,D,1,1,D,11,9,1,6,13,14,4,3,3,3,0,0
794,Leicester,Liverpool,1,2,A,0,2,A,12,10,5,4,9,12,4,4,3,2,0,0
795,Man City,Newcastle,2,1,H,1,1,D,24,3,8,2,5,13,4,0,0,0,0,0
796,West Ham,Wolves,0,1,A,0,0,D,13,15,3,6,10,11,4,4,2,1,0,0
797,Burnley,Man United,0,2,A,0,2,A,9,21,2,9,7,13,2,5,2,3,0,1
798,Cardiff,Arsenal,2,3,A,1,1,D,14,17,3,11,12,14,3,9,3,4,0,0
799,Watford,Tottenham,2,1,H,0,0,D,7,11,3,2,9,8,3,10,2,1,0,0
800,Bournemouth,Leicester,4,2,H,3,0,H,10,14,5,8,13,15,4,6,3,2,0,1
801,Chelsea,Cardiff,4,1,H,2,1,H,18,6,7,2,8,10,5,4,0,0,0,0
802,Huddersfield,Crystal Palace,0,1,A,0,1,A,15,7,2,2,11,17,5,3,1,2,0,0
803,Man City,Fulham,3,0,H,2,0,H,28,9,9,3,7,7,10,4,0,0,0,0
804,Newcastle,Arsenal,1,2,A,0,0,D,4,12,2,2,13,11,10,4,0,0,0,0
805,Tottenham,Liverpool,1,2,A,0,1,A,11,17,3,10,17,16,5,4,0,0,0,0
806,Watford,Man United,1,2,A,0,2,A,14,9,5,6,9,11,6,8,2,1,0,1
807,Everton,West Ham,1,3,A,1,2,A,16,9,4,4,15,12,4,2,2,5,0,0
808,Wolves,Burnley,1,0,H,0,0,D,30,7,7,2,10,9,8,2,2,4,0,0
809,Southampton,Brighton,2,2,D,1,0,H,14,12,5,4,10,13,1,4,2,3,0,0
810,Brighton,Tottenham,1,2,A,0,1,A,8,16,4,7,15,9,5,7,2,1,0,0
811,Burnley,Bournemouth,4,0,H,2,0,H,12,19,5,5,17,6,3,8,2,0,0,0
812,Cardiff,Man City,0,5,A,0,3,A,2,21,2,10,6,4,1,9,1,1,0,0
813,Crystal Palace,Newcastle,0,0,D,0,0,D,16,6,4,3,8,11,9,5,1,1,0,0
814,Fulham,Watford,1,1,D,0,1,A,15,11,3,6,11,9,8,8,2,1,0,0
815,Leicester,Huddersfield,3,1,H,1,1,D,18,9,8,2,10,16,3,1,2,1,0,0
816,Liverpool,Southampton,3,0,H,3,0,H,12,7,4,1,7,10,5,4,0,2,0,0
817,Man United,Wolves,1,1,D,1,0,H,15,11,6,8,5,17,5,4,1,1,0,0
818,Arsenal,Everton,2,0,H,0,0,D,9,9,5,6,17,12,5,9,2,1,0,0
819,West Ham,Chelsea,0,0,D,0,0,D,6,17,1,6,11,9,1,8,2,1,0,0
820,Arsenal,Watford,2,0,H,0,0,D,9,13,2,4,11,17,6,6,2,2,0,0
821,Chelsea,Liverpool,1,1,D,1,0,H,10,13,4,6,7,9,4,4,0,2,0,0
822,Everton,Fulham,3,0,H,0,0,D,19,6,6,0,13,13,12,1,0,3,0,0
823,Huddersfield,Tottenham,0,2,A,0,2,A,9,10,5,6,17,16,3,0,2,2,0,0
824,Man City,Brighton,2,0,H,1,0,H,28,4,8,1,4,10,10,3,0,3,0,0
825,Newcastle,Leicester,0,2,A,0,1,A,6,12,1,5,11,5,5,9,0,0,0,0
826,West Ham,Man United,3,1,H,2,0,H,8,9,3,4,12,12,4,9,0,1,0,0
827,Wolves,Southampton,2,0,H,0,0,D,14,17,6,6,11,7,8,6,3,1,0,0
828,Cardiff,Burnley,1,2,A,0,0,D,19,3,5,2,11,15,10,2,1,3,0,0
829,Bournemouth,Crystal Palace,2,1,H,1,0,H,11,10,5,2,9,12,3,3,3,4,0,0
830,Brighton,West Ham,1,0,H,1,0,H,9,17,4,4,12,8,2,9,3,2,0,0
831,Burnley,Huddersfield,1,1,D,1,0,H,6,19,3,2,8,11,1,10,2,2,0,0
832,Crystal Palace,Wolves,0,1,A,0,0,D,11,7,4,2,11,13,6,3,3,4,0,0
833,Leicester,Everton,1,2,A,1,1,D,8,17,2,8,10,11,2,10,2,1,1,0
834,Man United,Newcastle,3,2,H,0,2,A,18,13,10,8,16,8,10,6,2,2,0,0
835,Tottenham,Cardiff,1,0,H,1,0,H,19,8,7,6,7,11,6,2,2,1,0,1
836,Watford,Bournemouth,0,4,A,0,3,A,14,10,2,7,11,9,10,7,3,1,1,0
837,Fulham,Arsenal,1,5,A,1,1,D,21,9,4,7,11,12,4,2,2,0,0,0
838,Liverpool,Man City,0,0,D,0,0,D,7,6,2,2,10,10,2,6,1,3,0,0
839,Southampton,Chelsea,0,3,A,0,1,A,15,21,6,6,13,11,4,12,6,0,0,0
840,Bournemouth,Southampton,0,0,D,0,0,D,10,8,2,4,10,14,6,4,1,2,0,0
841,Cardiff,Fulham,4,2,H,2,2,D,22,9,5,4,15,16,4,4,3,3,0,0
842,Chelsea,Man United,2,2,D,1,0,H,21,7,6,4,9,17,5,3,2,5,0,0
843,Huddersfield,Liverpool,0,1,A,0,1,A,13,11,1,2,9,6,2,4,0,2,0,0
844,Man City,Burnley,5,0,H,1,0,H,24,5,10,0,11,5,10,1,2,2,0,0
845,Newcastle,Brighton,0,1,A,0,1,A,27,8,6,2,13,17,10,2,0,2,0,0
846,West Ham,Tottenham,0,1,A,0,1,A,13,10,4,2,8,10,10,6,3,0,0,0
847,Wolves,Watford,0,2,A,0,2,A,10,9,1,3,23,13,8,2,3,1,0,0
848,Everton,Crystal Palace,2,0,H,0,0,D,20,7,4,3,13,17,10,5,2,1,0,0
849,Arsenal,Leicester,3,1,H,1,1,D,19,8,6,2,10,10,6,4,2,2,0,0
850,Brighton,Wolves,1,0,H,0,0,D,2,25,1,7,11,8,1,10,3,0,0,0
851,Fulham,Bournemouth,0,3,A,0,1,A,11,12,1,5,16,3,5,5,2,1,1,0
852,Leicester,West Ham,1,1,D,0,1,A,21,11,7,3,17,5,8,0,1,1,0,1
853,Liverpool,Cardiff,4,1,H,1,0,H,19,2,7,1,6,4,8,0,0,0,0,0
854,Southampton,Newcastle,0,0,D,0,0,D,22,6,4,0,9,12,7,2,0,1,0,0
855,Watford,Huddersfield,3,0,H,2,0,H,12,13,6,7,9,13,3,3,1,2,0,0
856,Burnley,Chelsea,0,4,A,0,1,A,7,24,1,8,14,10,4,4,4,2,0,0
857,Crystal Palace,Arsenal,2,2,D,1,0,H,16,7,3,2,10,16,6,4,1,2,0,0
858,Man United,Everton,2,1,H,1,0,H,14,14,10,6,15,12,8,4,2,1,0,0
859,Tottenham,Man City,0,1,A,0,1,A,4,13,1,6,13,13,3,6,2,2,0,0
860,Arsenal,Liverpool,1,1,D,0,0,D,12,13,4,4,7,7,5,8,1,1,0,0
861,Bournemouth,Man United,1,2,A,1,1,D,18,18,7,8,12,12,9,5,4,3,0,0
862,Cardiff,Leicester,0,1,A,0,0,D,11,13,2,5,13,12,6,12,2,2,0,0
863,Everton,Brighton,3,1,H,1,1,D,14,5,3,3,9,17,6,4,0,1,0,0
864,Newcastle,Watford,1,0,H,0,0,D,10,16,2,1,12,11,8,9,1,5,0,0
865,West Ham,Burnley,4,2,H,1,1,D,22,6,10,3,7,9,10,4,1,4,0,0
866,Wolves,Tottenham,2,3,A,0,2,A,16,10,7,8,11,8,5,1,1,2,0,0
867,Chelsea,Crystal Palace,3,1,H,1,0,H,15,7,6,2,6,13,4,2,0,1,0,0
868,Man City,Southampton,6,1,H,4,1,H,18,12,8,6,14,9,4,4,1,1,0,0
869,Huddersfield,Fulham,1,0,H,1,0,H,10,7,2,1,11,8,5,4,1,2,0,0
870,Cardiff,Brighton,2,1,H,1,1,D,20,7,6,3,7,21,4,1,2,1,0,1
871,Crystal Palace,Tottenham,0,1,A,0,0,D,11,11,4,2,12,9,10,6,1,1,0,0
872,Huddersfield,West Ham,1,1,D,1,0,H,15,12,7,5,9,8,5,6,1,1,0,0
873,Leicester,Burnley,0,0,D,0,0,D,22,6,5,1,13,10,12,1,2,0,0,0
874,Newcastle,Bournemouth,2,1,H,2,1,H,18,14,6,4,9,11,7,10,2,1,0,0
875,Southampton,Watford,1,1,D,1,0,H,14,12,4,6,13,13,7,6,3,2,0,0
876,Arsenal,Wolves,1,1,D,0,1,A,10,12,3,5,9,16,11,2,2,2,0,0
877,Chelsea,Everton,0,0,D,0,0,D,15,6,4,1,7,11,5,5,4,3,0,0
878,Liverpool,Fulham,2,0,H,1,0,H,20,8,7,3,11,9,6,3,1,1,0,0
879,Man City,Man United,3,1,H,1,0,H,17,6,5,1,12,12,5,1,1,1,0,0
880,Brighton,Leicester,1,1,D,1,0,H,14,8,3,3,10,7,6,1,3,1,0,1
881,Everton,Cardiff,1,0,H,0,0,D,16,7,8,1,12,13,7,3,0,3,0,0
882,Fulham,Southampton,3,2,H,2,1,H,10,19,5,8,10,6,2,5,2,3,0,0
883,Man United,Crystal Palace,0,0,D,0,0,D,12,13,5,2,13,12,10,3,1,2,0,0
884,Tottenham,Chelsea,3,1,H,2,0,H,18,13,9,2,19,12,4,4,0,3,0,0
885,Watford,Liverpool,0,3,A,0,0,D,5,10,1,7,12,13,5,5,0,0,0,1
886,West Ham,Man City,0,4,A,0,3,A,9,9,1,6,6,3,8,1,0,0,0,0
887,Bournemouth,Arsenal,1,2,A,1,1,D,11,20,5,4,6,9,5,8,2,1,0,0
888,Wolves,Huddersfield,0,2,A,0,1,A,12,14,3,6,9,8,3,5,1,2,0,0
889,Burnley,Newcastle,1,2,A,1,2,A,14,17,4,3,6,11,5,5,0,1,0,0
890,Cardiff,Wolves,2,1,H,0,1,A,17,15,3,4,3,12,7,6,1,2,0,0
891,Crystal Palace,Burnley,2,0,H,1,0,H,29,4,9,0,9,10,10,2,1,1,0,0
892,Huddersfield,Brighton,1,2,A,1,1,D,7,14,2,6,10,12,2,6,0,2,1,0
893,Leicester,Watford,2,0,H,2,0,H,7,8,3,0,7,6,4,8,2,1,0,1
894,Man City,Bournemouth,3,1,H,1,1,D,16,4,6,1,9,3,8,4,0,0,0,0
895,Newcastle,West Ham,0,3,A,0,1,A,16,7,4,4,10,10,7,3,3,3,0,0
896,Southampton,Man United,2,2,D,2,2,D,16,11,6,5,12,13,3,5,4,4,0,0
897,Arsenal,Tottenham,4,2,H,1,2,A,22,11,7,6,15,17,8,5,3,3,0,1
898,Chelsea,Fulham,2,0,H,1,0,H,16,9,9,4,8,17,4,6,2,1,0,0
899,Liverpool,Everton,1,0,H,0,0,D,16,9,3,3,12,7,8,1,3,2,0,0
900,Bournemouth,Huddersfield,2,1,H,2,1,H,6,23,2,6,14,11,4,8,4,2,0,0
901,Brighton,Crystal Palace,3,1,H,3,0,H,9,18,3,5,14,12,4,5,2,3,1,0
902,Watford,Man City,1,2,A,0,1,A,11,15,7,7,4,8,3,11,0,1,0,0
903,West Ham,Cardiff,3,1,H,0,0,D,17,9,11,5,10,10,10,4,1,2,0,0
904,Burnley,Liverpool,1,3,A,0,0,D,10,18,6,12,10,3,5,9,1,0,0,0
905,Everton,Newcastle,1,1,D,1,1,D,19,8,3,5,7,18,14,2,0,5,0,0
906,Fulham,Leicester,1,1,D,1,0,H,25,13,7,5,12,7,10,8,0,0,0,0
907,Man United,Arsenal,2,2,D,1,1,D,10,9,7,4,13,10,4,4,3,3,0,0
908,Tottenham,Southampton,3,1,H,1,0,H,13,18,8,5,7,5,8,6,0,0,0,0
909,Wolves,Chelsea,2,1,H,0,1,A,6,17,2,3,18,10,1,5,4,4,0,0
910,Arsenal,Huddersfield,1,0,H,0,0,D,14,6,2,0,13,20,7,1,5,4,0,0
911,Bournemouth,Liverpool,0,4,A,0,1,A,8,10,2,4,9,11,6,6,2,1,0,0
912,Burnley,Brighton,1,0,H,1,0,H,14,14,4,1,11,11,2,7,2,0,0,0
913,Cardiff,Southampton,1,0,H,0,0,D,13,12,4,1,9,10,7,7,2,2,0,0
914,Chelsea,Man City,2,0,H,1,0,H,8,14,5,4,12,11,1,13,2,0,0,0
915,Leicester,Tottenham,0,2,A,0,1,A,11,7,3,2,12,7,6,5,3,1,0,0
916,Man United,Fulham,4,1,H,3,0,H,20,10,11,4,11,15,10,3,1,1,0,1
917,West Ham,Crystal Palace,3,2,H,0,1,A,13,8,6,4,10,8,5,3,1,2,0,0
918,Newcastle,Wolves,1,2,A,1,1,D,12,13,4,6,10,17,4,6,2,5,1,0
919,Everton,Watford,2,2,D,1,0,H,12,15,5,3,13,13,6,6,1,1,0,0
920,Crystal Palace,Leicester,1,0,H,1,0,H,8,12,1,2,10,8,4,4,2,1,0,0
921,Fulham,West Ham,0,2,A,0,2,A,16,6,4,3,14,10,6,4,2,1,0,0
922,Huddersfield,Newcastle,0,1,A,0,0,D,15,8,5,5,5,13,10,1,1,1,0,0
923,Man City,Everton,3,1,H,1,0,H,13,9,5,2,7,9,6,2,1,2,0,0
924,Tottenham,Burnley,1,0,H,0,0,D,15,4,3,0,7,8,8,3,0,2,0,0
925,Watford,Cardiff,3,2,H,1,0,H,17,10,8,3,7,5,5,0,0,0,0,0
926,Wolves,Bournemouth,2,0,H,1,0,H,9,13,3,3,15,7,5,3,1,2,0,0
927,Brighton,Chelsea,1,2,A,0,2,A,6,10,2,3,14,6,4,1,2,2,0,0
928,Liverpool,Man United,3,1,H,1,1,D,36,6,11,2,6,14,13,2,0,2,0,0
929,Southampton,Arsenal,3,2,H,2,1,H,12,13,7,4,12,10,4,5,3,1,0,0
930,Wolves,Liverpool,0,2,A,0,1,A,11,15,5,6,7,3,1,10,0,0,0,0
931,Arsenal,Burnley,3,1,H,1,0,H,10,7,6,2,10,14,1,3,2,5,0,0
932,Bournemouth,Brighton,2,0,H,1,0,H,14,10,3,5,8,18,6,5,2,0,0,1
933,Cardiff,Man United,1,5,A,1,3,A,9,17,3,9,13,13,4,7,2,1,0,0
934,Chelsea,Leicester,0,1,A,0,0,D,17,8,5,3,10,9,9,5,0,2,0,0
935,Huddersfield,Southampton,1,3,A,0,2,A,16,13,5,6,12,9,8,2,2,3,0,0
936,Man City,Crystal Palace,2,3,A,1,2,A,19,5,5,3,7,6,13,0,0,4,0,0
937,Newcastle,Fulham,0,0,D,0,0,D,9,4,0,2,9,12,6,0,1,2,0,0
938,West Ham,Watford,0,2,A,0,1,A,18,11,7,5,9,11,10,4,3,2,0,0
939,Everton,Tottenham,2,6,A,1,3,A,10,17,3,8,13,9,2,1,0,2,0,0
940,Brighton,Arsenal,1,1,D,1,1,D,12,7,3,4,10,4,4,9,2,1,0,0
941,Burnley,Everton,1,5,A,1,3,A,11,13,4,6,11,19,5,7,2,4,0,0
942,Crystal Palace,Cardiff,0,0,D,0,0,D,31,9,5,4,9,11,12,1,0,3,0,0
943,Fulham,Wolves,1,1,D,0,0,D,11,14,9,5,9,6,2,0,2,1,0,0
944,Leicester,Man City,2,1,H,1,1,D,10,11,5,4,5,8,3,7,2,2,0,1
945,Liverpool,Newcastle,4,0,H,1,0,H,16,6,8,2,7,9,10,2,0,0,0,0
946,Man United,Huddersfield,3,1,H,1,0,H,16,10,10,2,9,13,5,3,1,1,0,0
947,Tottenham,Bournemouth,5,0,H,3,0,H,10,14,7,4,4,8,3,4,2,1,0,0
948,Watford,Chelsea,1,2,A,1,1,D,10,10,2,4,15,5,3,4,1,0,0,0
949,Southampton,West Ham,1,2,A,0,0,D,11,16,5,5,10,3,4,5,2,0,0,0
950,Brighton,Everton,1,0,H,0,0,D,11,13,3,4,10,11,6,6,0,2,0,0
951,Fulham,Huddersfield,1,0,H,0,0,D,14,9,5,5,12,10,4,3,3,1,0,0
952,Leicester,Cardiff,0,1,A,0,0,D,16,12,7,3,14,16,10,4,0,2,0,0
953,Liverpool,Arsenal,5,1,H,4,1,H,15,8,10,2,8,13,5,3,1,2,0,0
954,Tottenham,Wolves,1,3,A,1,0,H,10,11,3,4,7,7,6,7,3,2,0,0
955,Watford,Newcastle,1,1,D,0,1,A,12,8,5,2,17,16,3,6,1,2,0,0
956,Burnley,West Ham,2,0,H,2,0,H,17,11,5,4,15,11,5,5,1,4,0,0
957,Crystal Palace,Chelsea,0,1,A,0,0,D,4,12,0,4,11,8,3,4,0,1,0,0
958,Man United,Bournemouth,4,1,H,3,1,H,11,7,8,3,10,7,4,5,2,0,1,0
959,Southampton,Man City,1,3,A,1,3,A,5,14,4,6,11,10,3,8,2,3,1,0
960,Arsenal,Fulham,4,1,H,1,0,H,16,9,9,4,7,12,8,3,0,1,0,0
961,Cardiff,Tottenham,0,3,A,0,3,A,6,13,3,4,6,6,5,3,1,0,0,0
962,Everton,Leicester,0,1,A,0,0,D,17,8,2,4,5,8,6,5,3,1,0,0
963,Bournemouth,Watford,3,3,D,3,3,D,25,11,12,3,9,15,4,2,1,4,0,0
964,Chelsea,Southampton,0,0,D,0,0,D,17,6,6,2,8,11,7,2,1,2,0,0
965,Huddersfield,Burnley,1,2,A,1,1,D,9,16,2,8,11,9,5,2,0,4,1,1
966,Newcastle,Man United,0,2,A,0,0,D,14,16,3,7,10,9,1,2,1,2,0,0
967,West Ham,Brighton,2,2,D,0,0,D,13,13,6,6,9,11,1,5,0,1,0,0
968,Wolves,Crystal Palace,0,2,A,0,0,D,9,17,1,4,9,7,3,10,4,1,0,0
969,Man City,Liverpool,2,1,H,1,0,H,9,7,4,5,12,7,2,1,4,2,0,0
970,Brighton,Liverpool,0,1,A,0,0,D,7,10,0,3,15,5,2,7,0,0,0,0
971,Burnley,Fulham,2,1,H,2,1,H,11,12,0,4,5,9,2,6,1,2,0,0
972,Cardiff,Huddersfield,0,0,D,0,0,D,3,14,0,2,12,14,3,10,3,1,0,0
973,Chelsea,Newcastle,2,1,H,1,1,D,10,9,6,2,6,13,8,5,1,1,0,0
974,Crystal Palace,Watford,1,2,A,1,0,H,15,16,6,2,11,11,7,7,1,4,0,0
975,Leicester,Southampton,1,2,A,0,2,A,23,8,6,3,7,9,10,3,2,1,0,1
976,West Ham,Arsenal,1,0,H,0,0,D,11,11,3,2,7,10,7,3,0,2,0,0
977,Everton,Bournemouth,2,0,H,0,0,D,15,16,3,7,17,8,5,9,5,0,0,0
978,Tottenham,Man United,0,1,A,0,1,A,21,13,11,8,8,8,7,4,1,2,0,0
979,Man City,Wolves,3,0,H,2,0,H,24,3,9,0,6,3,12,1,1,0,0,1
980,Arsenal,Chelsea,2,0,H,2,0,H,13,13,5,1,13,15,5,6,0,2,0,0
981,Bournemouth,West Ham,2,0,H,0,0,D,10,9,4,1,6,10,2,3,0,1,0,0
982,Liverpool,Crystal Palace,4,3,H,0,1,A,19,9,9,3,6,8,8,3,0,1,1,0
983,Man United,Brighton,2,1,H,2,0,H,20,7,5,3,11,11,6,5,1,0,0,0
984,Newcastle,Cardiff,3,0,H,1,0,H,16,9,6,1,11,6,7,10,0,1,0,0
985,Southampton,Everton,2,1,H,0,0,D,11,7,4,2,12,11,7,6,2,1,0,0
986,Watford,Burnley,0,0,D,0,0,D,9,11,4,3,14,9,1,7,1,2,0,0
987,Wolves,Leicester,4,3,H,2,0,H,12,16,7,6,11,10,5,9,3,3,0,0
988,Fulham,Tottenham,1,2,A,1,0,H,12,14,4,5,10,8,7,10,2,3,0,0
989,Huddersfield,Man City,0,3,A,0,1,A,5,12,2,4,10,9,1,4,2,2,0,0
990,Arsenal,Cardiff,2,1,H,0,0,D,15,19,4,2,14,12,4,7,3,3,0,0
991,Fulham,Brighton,4,2,H,0,2,A,24,15,7,6,10,5,10,1,2,3,0,0
992,Huddersfield,Everton,0,1,A,0,1,A,10,10,2,5,13,10,3,4,1,4,0,1
993,Man United,Burnley,2,2,D,0,0,D,28,6,9,4,10,9,11,3,1,3,0,0
994,Newcastle,Man City,2,1,H,0,1,A,6,12,2,4,9,7,1,8,2,3,0,0
995,Wolves,West Ham,3,0,H,0,0,D,20,4,9,0,8,10,5,1,4,1,0,0
996,Bournemouth,Chelsea,4,0,H,0,0,D,12,11,7,7,8,6,3,7,1,0,0,0
997,Liverpool,Leicester,1,1,D,1,1,D,10,5,3,2,13,6,7,1,1,3,0,0
998,Southampton,Crystal Palace,1,1,D,0,1,A,13,15,4,3,11,8,3,8,2,2,0,1
999,Tottenham,Watford,2,1,H,0,1,A,17,9,3,1,6,9,9,5,0,4,0,0
1000,Brighton,Watford,0,0,D,0,0,D,21,5,4,0,15,10,7,0,1,0,0,0
1001,Burnley,Southampton,1,1,D,0,0,D,15,10,6,4,10,9,4,2,3,1,0,0
1002,Cardiff,Bournemouth,2,0,H,1,0,H,12,9,5,2,17,14,6,7,1,2,0,0
1003,Chelsea,Huddersfield,5,0,H,2,0,H,23,5,7,2,8,5,11,2,0,0,0,0
1004,Crystal Palace,Fulham,2,0,H,1,0,H,17,8,6,0,9,12,11,1,2,3,0,0
1005,Everton,Wolves,1,3,A,1,2,A,13,8,4,4,12,14,3,1,3,1,0,0
1006,Tottenham,Newcastle,1,0,H,0,0,D,21,8,4,2,6,6,6,3,0,1,0,0
1007,Leicester,Man United,0,1,A,0,1,A,17,10,6,6,14,9,7,2,4,4,0,0
1008,Man City,Arsenal,3,1,H,2,1,H,19,4,12,2,11,8,4,2,1,1,0,0
1009,West Ham,Liverpool,1,1,D,1,1,D,13,11,2,6,9,11,2,5,1,1,0,0
1010,Everton,Man City,0,2,A,0,1,A,4,15,1,4,12,6,5,6,1,1,0,0
1011,Brighton,Burnley,1,3,A,0,1,A,16,9,6,5,8,7,9,3,1,1,0,0
1012,Crystal Palace,West Ham,1,1,D,0,1,A,25,6,5,4,12,9,10,4,3,0,0,0
1013,Fulham,Man United,0,3,A,0,2,A,15,15,3,7,14,9,5,4,3,2,0,0
1014,Huddersfield,Arsenal,1,2,A,0,2,A,15,9,6,4,17,12,5,0,3,2,0,0
1015,Liverpool,Bournemouth,3,0,H,2,0,H,20,12,9,2,14,6,8,5,2,2,0,0
1016,Southampton,Cardiff,1,2,A,0,0,D,14,6,7,3,15,12,8,2,3,3,0,0
1017,Watford,Everton,1,0,H,0,0,D,7,9,2,4,21,10,8,2,2,0,0,1
1018,Man City,Chelsea,6,0,H,4,0,H,15,12,9,4,9,13,2,2,1,2,0,0
1019,Tottenham,Leicester,3,1,H,1,0,H,12,20,5,9,11,4,2,9,3,1,0,0
1020,Wolves,Newcastle,1,1,D,0,0,D,22,9,6,3,7,9,13,1,1,3,0,0
1021,Cardiff,Watford,1,5,A,0,1,A,15,12,6,7,10,11,3,3,1,2,0,0
1022,West Ham,Fulham,3,1,H,2,1,H,21,8,7,5,11,11,12,0,1,1,0,0
1023,Bournemouth,Wolves,1,1,D,1,0,H,10,10,3,2,10,15,9,8,4,5,0,0
1024,Burnley,Tottenham,2,1,H,0,0,D,10,17,4,6,9,12,7,6,1,3,0,0
1025,Leicester,Crystal Palace,1,4,A,0,1,A,27,7,5,5,7,14,8,3,2,1,0,0
1026,Newcastle,Huddersfield,2,0,H,0,0,D,29,3,12,1,11,7,12,0,2,0,0,1
1027,Arsenal,Southampton,2,0,H,2,0,H,12,10,4,4,7,14,6,4,0,0,0,0
1028,Man United,Liverpool,0,0,D,0,0,D,6,7,3,1,15,17,3,7,1,3,0,0
1029,Cardiff,Everton,0,3,A,0,1,A,6,12,0,4,12,12,3,4,3,1,0,0
1030,Huddersfield,Wolves,1,0,H,0,0,D,15,7,3,0,10,10,3,5,2,2,0,0
1031,Leicester,Brighton,2,1,H,1,0,H,19,15,3,3,6,4,4,8,1,1,0,0
1032,Newcastle,Burnley,2,0,H,2,0,H,12,12,3,2,8,8,4,7,1,3,0,0
1033,Arsenal,Bournemouth,5,1,H,2,1,H,16,13,6,5,11,9,9,4,2,2,0,0
1034,Chelsea,Tottenham,2,0,H,0,0,D,11,9,1,0,7,14,2,2,1,1,0,0
1035,Crystal Palace,Man United,1,3,A,0,1,A,17,13,2,4,8,9,5,6,2,3,0,0
1036,Liverpool,Watford,5,0,H,2,0,H,19,5,10,3,5,7,6,4,0,2,0,0
1037,Man City,West Ham,1,0,H,0,0,D,20,2,7,1,2,6,12,2,0,2,0,0
1038,Southampton,Fulham,2,0,H,2,0,H,14,14,4,4,15,13,7,4,0,1,0,0
1039,Bournemouth,Man City,0,1,A,0,0,D,0,23,0,7,7,7,0,14,1,2,0,0
1040,Brighton,Huddersfield,1,0,H,0,0,D,13,6,4,4,11,6,6,3,2,2,0,0
1041,Burnley,Crystal Palace,1,3,A,0,1,A,18,10,4,4,9,9,8,5,1,2,0,0
1042,Man United,Southampton,3,2,H,0,1,A,16,6,6,3,7,10,9,7,2,1,0,0
1043,Tottenham,Arsenal,1,1,D,0,1,A,10,9,3,4,15,14,3,4,3,2,0,1
1044,West Ham,Newcastle,2,0,H,2,0,H,10,17,4,2,8,14,1,6,3,4,0,0
1045,Wolves,Cardiff,2,0,H,2,0,H,13,12,6,4,11,6,7,8,1,2,0,0
1046,Everton,Liverpool,0,0,D,0,0,D,7,10,3,3,12,10,3,7,1,2,0,0
1047,Fulham,Chelsea,1,2,A,1,2,A,12,20,5,7,11,10,5,4,2,1,0,0
1048,Watford,Leicester,2,1,H,1,0,H,6,14,5,2,15,12,1,5,5,1,0,0
1049,Cardiff,West Ham,2,0,H,1,0,H,16,9,7,2,7,12,7,5,2,1,0,0
1050,Crystal Palace,Brighton,1,2,A,0,1,A,15,4,3,3,8,18,8,0,1,5,0,0
1051,Huddersfield,Bournemouth,0,2,A,0,1,A,8,8,1,5,14,9,6,5,3,1,0,0
1052,Leicester,Fulham,3,1,H,1,0,H,18,6,8,3,9,13,6,5,0,2,0,0
1053,Man City,Watford,3,1,H,0,0,D,19,2,9,1,11,7,9,1,1,1,0,0
1054,Newcastle,Everton,3,2,H,0,2,A,19,7,7,3,13,10,8,2,3,1,0,0
1055,Southampton,Tottenham,2,1,H,0,1,A,12,16,4,5,16,9,1,10,4,2,0,0
1056,Arsenal,Man United,2,0,H,1,0,H,14,14,3,4,12,18,5,2,2,2,0,0
1057,Chelsea,Wolves,1,1,D,0,0,D,22,2,6,1,8,14,13,0,1,4,0,0
1058,Liverpool,Burnley,4,2,H,2,1,H,23,3,5,2,4,7,7,3,2,0,0,0
1059,Bournemouth,Newcastle,2,2,D,0,1,A,10,12,3,4,9,12,6,6,3,2,0,0
1060,Burnley,Leicester,1,2,A,1,1,D,13,9,2,4,9,10,9,3,1,1,0,1
1061,West Ham,Huddersfield,4,3,H,1,2,A,16,15,5,5,7,15,5,8,0,2,0,0
1062,Everton,Chelsea,2,0,H,0,0,D,15,16,8,5,17,9,3,4,1,2,0,0
1063,Fulham,Liverpool,1,2,A,0,1,A,7,16,2,6,11,7,1,10,2,1,0,0
1064,Brighton,Southampton,0,1,A,0,0,D,14,8,1,2,8,10,6,5,1,2,0,0
1065,Burnley,Wolves,2,0,H,1,0,H,5,8,1,1,12,10,1,5,1,1,0,0
1066,Crystal Palace,Huddersfield,2,0,H,0,0,D,19,15,5,5,10,7,5,5,0,0,0,0
1067,Fulham,Man City,0,2,A,0,2,A,5,24,0,7,4,12,0,11,2,0,0,0
1068,Leicester,Bournemouth,2,0,H,1,0,H,18,8,4,2,6,12,6,1,0,2,0,0
1069,Man United,Watford,2,1,H,1,0,H,8,20,5,8,14,9,3,5,1,2,0,0
1070,West Ham,Everton,0,2,A,0,2,A,3,17,1,9,7,14,4,9,1,1,0,0
1071,Cardiff,Chelsea,1,2,A,0,0,D,8,21,3,3,8,14,2,7,2,3,0,0
1072,Liverpool,Tottenham,2,1,H,1,0,H,14,11,3,2,5,8,10,3,0,1,0,0
1073,Arsenal,Newcastle,2,0,H,1,0,H,7,3,4,1,11,10,6,2,2,0,0,0
1074,Watford,Fulham,4,1,H,1,1,D,15,17,7,7,12,5,6,4,3,2,0,0
1075,Wolves,Man United,2,1,H,1,1,D,9,18,2,4,5,11,3,5,1,2,0,1
1076,Chelsea,Brighton,3,0,H,1,0,H,17,3,4,1,5,9,7,1,0,0,0,0
1077,Man City,Cardiff,2,0,H,2,0,H,27,4,11,1,3,17,7,4,0,3,0,0
1078,Tottenham,Crystal Palace,2,0,H,0,0,D,26,5,10,1,8,5,8,2,1,0,0,0
1079,Southampton,Liverpool,1,3,A,1,1,D,11,17,1,5,8,7,7,5,2,4,0,0
1080,Bournemouth,Burnley,1,3,A,1,2,A,10,11,2,3,12,16,3,6,2,3,0,0
1081,Huddersfield,Leicester,1,4,A,0,1,A,10,18,4,9,13,11,8,5,3,0,0,0
1082,Newcastle,Crystal Palace,0,1,A,0,0,D,18,3,5,1,12,13,9,4,1,2,0,0
1083,Everton,Arsenal,1,0,H,1,0,H,23,7,6,2,8,9,9,6,1,4,0,0
1084,Chelsea,West Ham,2,0,H,1,0,H,16,9,7,2,8,7,7,4,2,1,0,0
1085,Leicester,Newcastle,0,1,A,0,1,A,12,11,5,5,6,10,2,3,2,3,0,0
1086,Brighton,Bournemouth,0,5,A,0,1,A,8,14,1,7,10,6,4,1,2,4,1,0
1087,Burnley,Cardiff,2,0,H,1,0,H,14,14,7,2,7,10,8,4,2,3,0,0
1088,Fulham,Everton,2,0,H,0,0,D,12,8,5,1,8,10,7,3,2,1,0,0
1089,Man United,West Ham,2,1,H,1,0,H,14,18,4,4,14,5,3,11,1,1,0,0
1090,Southampton,Wolves,3,1,H,2,1,H,13,17,6,2,13,8,4,9,1,3,0,0
1091,Tottenham,Huddersfield,4,0,H,2,0,H,22,7,5,1,10,12,4,2,2,2,0,0
1092,Crystal Palace,Man City,1,3,A,0,1,A,7,20,3,6,5,11,2,9,0,0,0,0
1093,Liverpool,Chelsea,2,0,H,0,0,D,15,6,7,3,5,9,9,2,0,1,0,0
1094,Watford,Arsenal,0,1,A,0,1,A,11,19,3,6,12,8,6,4,2,0,1,0
1095,Brighton,Cardiff,0,2,A,0,1,A,14,10,2,3,11,13,5,4,0,1,0,0
1096,Bournemouth,Fulham,0,1,A,0,0,D,15,17,5,5,11,18,3,7,1,3,0,0
1097,Huddersfield,Watford,1,2,A,0,1,A,13,11,3,6,15,9,2,2,2,2,0,0
1098,Man City,Tottenham,1,0,H,1,0,H,15,10,4,4,11,11,4,4,1,2,0,0
1099,Newcastle,Southampton,3,1,H,2,0,H,15,15,6,3,5,11,4,11,0,2,0,0
1100,West Ham,Leicester,2,2,D,1,0,H,11,11,3,5,8,9,6,8,2,0,0,0
1101,Wolves,Brighton,0,0,D,0,0,D,22,5,5,0,0,8,14,1,0,1,0,0
1102,Arsenal,Crystal Palace,2,3,A,0,1,A,12,16,5,7,15,12,8,3,4,1,0,0
1103,Cardiff,Liverpool,0,2,A,0,0,D,7,17,2,6,6,5,5,10,1,1,0,0
1104,Everton,Man United,4,0,H,2,0,H,15,7,8,1,11,7,10,2,1,1,0,0
1105,Chelsea,Burnley,2,2,D,2,2,D,22,6,9,3,9,4,10,1,2,1,0,0
1106,Tottenham,Brighton,1,0,H,0,0,D,29,6,5,1,7,13,6,3,1,2,0,0
1107,Watford,Southampton,1,1,D,0,1,A,15,8,4,4,10,14,3,4,5,2,0,0
1108,Man United,Man City,0,2,A,0,0,D,12,8,1,5,10,10,1,1,2,2,0,0
1109,Wolves,Arsenal,3,1,H,3,0,H,11,11,3,1,12,9,5,5,2,3,0,0
1110,Liverpool,Huddersfield,5,0,H,3,0,H,21,5,7,1,5,14,4,4,0,0,0,0
1111,Brighton,Newcastle,1,1,D,0,1,A,9,9,2,1,7,10,7,4,2,3,0,0
1112,Crystal Palace,Everton,0,0,D,0,0,D,8,22,0,3,9,15,5,10,2,0,0,0
1113,Fulham,Cardiff,1,0,H,0,0,D,8,13,2,8,10,8,10,3,0,0,0,0
1114,Southampton,Bournemouth,3,3,D,1,2,A,22,9,7,5,8,9,9,3,2,1,0,0
1115,Tottenham,West Ham,0,1,A,0,0,D,14,16,4,7,3,8,2,7,0,2,0,0
1116,Watford,Wolves,1,2,A,0,1,A,10,11,1,4,10,11,4,5,3,2,0,0
1117,Burnley,Man City,0,1,A,0,0,D,2,25,0,7,5,7,0,6,1,1,0,0
1118,Leicester,Arsenal,3,0,H,0,0,D,24,6,12,1,13,13,8,6,3,1,0,1
1119,Man United,Chelsea,1,1,D,1,1,D,7,16,5,3,9,14,6,6,3,2,0,0
1120,Everton,Burnley,2,0,H,2,0,H,20,5,6,1,8,9,8,1,0,2,0,0
1121,Bournemouth,Tottenham,1,0,H,0,0,D,20,11,6,5,11,12,10,6,1,5,0,2
1122,Cardiff,Crystal Palace,2,3,A,1,2,A,18,21,8,7,14,11,10,5,0,0,0,0
1123,Newcastle,Liverpool,2,3,A,1,2,A,14,11,7,4,10,4,2,3,1,1,0,0
1124,West Ham,Southampton,3,0,H,1,0,H,17,11,6,1,2,11,2,7,1,1,0,0
1125,Wolves,Fulham,1,0,H,0,0,D,19,6,6,2,10,15,7,1,1,3,0,0
1126,Arsenal,Brighton,1,1,D,1,0,H,20,11,8,5,9,14,16,3,5,2,0,0
1127,Chelsea,Watford,3,0,H,0,0,D,19,15,9,3,6,12,6,6,0,1,0,0
1128,Huddersfield,Man United,1,1,D,0,1,A,7,23,3,7,10,10,3,7,1,1,0,0
1129,Man City,Leicester,1,0,H,0,0,D,19,7,5,2,12,5,11,0,3,2,0,0
1130,Brighton,Man City,1,4,A,1,2,A,6,20,2,9,12,8,2,6,0,0,0,0
1131,Burnley,Arsenal,1,3,A,0,0,D,14,17,5,6,11,3,4,5,5,1,0,0
1132,Crystal Palace,Bournemouth,5,3,H,3,1,H,17,16,8,8,11,8,4,4,3,0,0,0
1133,Fulham,Newcastle,0,4,A,0,2,A,16,13,2,6,6,8,5,5,1,0,0,0
1134,Leicester,Chelsea,0,0,D,0,0,D,9,14,3,4,9,8,4,5,0,1,0,0
1135,Liverpool,Wolves,2,0,H,1,0,H,13,7,5,2,3,11,4,1,0,2,0,0
1136,Man United,Cardiff,0,2,A,0,1,A,26,13,10,4,9,6,11,2,3,3,0,0
1137,Southampton,Huddersfield,1,1,D,1,0,H,10,10,3,3,8,6,4,3,0,1,0,0
1138,Tottenham,Everton,2,2,D,1,0,H,11,17,3,9,10,13,7,4,0,2,0,0
1139,Watford,West Ham,1,4,A,0,2,A,17,16,8,9,10,10,7,2,1,0,1,0
